{"current":{"show_announcement_bar":true,"show_popup":true,"show_fixed_message":false,"header_layout":"centered","footer_layout":"classic","product_layout":"classic","image_loading_style":"fade-in","logo_mobile":"","mobile_logo_width":200,"logo_mobile_position":"center","logo_menu_position":"left","show_search_icon_mobile":true,"show_locale_selector":true,"show_currency_selector":true,"mobile_sidebar_position":"below","icon_style":"icons","mobile_menu_background_color":"#ffffff","mobile_menu_opacity":100,"mobile_menu_link_color":"#000000","mobile_menu_link_hover_color":"#000059","button_primary_padding":"regular","button_primary_bg_color":"#000000","button_primary_bg_color_transparency":100,"button_primary_border_color":"rgba(0,0,0,0)","button_primary_text_color":"#ffffff","button_primary_bg_color--highlight":"#606060","button_primary_bg_color_transparency--highlight":100,"button_primary_border_color--highlight":"rgba(0,0,0,0)","button_primary_text_color--highlight":"#ffffff","button_primary_border_radius":0,"button_secondary_padding":"regular","button_secondary_bg_color":"rgba(0,0,0,0)","button_secondary_bg_color_transparency":0,"button_secondary_border_color":"#000000","button_secondary_text_color":"#000000","button_secondary_bg_color--highlight":"#000000","button_secondary_bg_color_transparency--highlight":100,"button_secondary_border_color--highlight":"#000000","button_secondary_text_color--highlight":"#ffffff","button_secondary_border_radius":0,"button_link_padding":"regular","button_link_text_color":"#000000","button_link_text_color--highlight":"#ccc","button_link_underline_style":"solid","button_link_underline_thickness":1,"button_cart_padding":"regular","button_cart_bg_color":"#c70000","button_cart_bg_color--highlight":"#de1313","button_cart_border_color":"rgba(0,0,0,0)","button_cart_border_color--highlight":"rgba(0,0,0,0)","button_cart_text_color":"#fff","button_cart_text_color--highlight":"#fff","button_cart_icon":"","button_cart_icon_position":"left","button_cart_border_radius":2,"icon":"icon_solid","toggle_icon_style":"plus_and_minus","social_media_share_style":"squared","breadcrumb_capitalization":"none","breadcrumb_separator":"arrow","breadcrumb_size":"regular","dropdown_style":"vertical","dropdown_position":"below-parent","dropdown_link_spacing":"medium","use_placeholders":true,"form_button_style":"button--primary","display_heading_divider":true,"heading_divider_animation":"none","heading_divider_style":"short","heading_divider_width":2,"toggle_sidebar":false,"tab_style":"underline","table_styles_enabled":true,"qty_box_style":"box","qty_border_radius":0,"tag_style":"solid","mega_menu_1":true,"mega_menu_2":true,"mega_menu_3":true,"mega_menu_4":true,"mega_menu_5":true,"mega_menu_6":true,"mega_menu_7":true,"mega_menu_8":true,"mega_menu_9":false,"mega_menu_10":false,"shop_bg_color":"rgba(0,0,0,0)","border_color":"#d3d3d3","regular_color":"#000000","link_color":"#000000","link_hover_color":"#000000","heading_color":"#181819","banner_heading_color":"#ffffff","divider_color":"rgba(0,0,0,0)","logo_text":"rgba(0,0,0,0)","header_background":"rgba(0,0,0,0)","header_link_color":"#000000","header_link_hover_color":"#000000","header_cart_badge_color":"#000000","cart_background_color":"#ffffff","show_dropdown_shadow":true,"dropdown_background":"#ffffff","dropdown_background_opacity":100,"dropdown_link_color":"#000000","dropdown_link_hover_color":"#000000","footer_background":"#808080","footer_border":"rgba(0,0,0,0)","footer_link_color":"#ffffff","footer_link_hover_color":"#000000","footer_text_color":"#ffffff","sale_color":"#c70000","was_price_color":"#808080","product_hover_text_color":"#000000","product_hover_bg_color":"#ffffff","banner_bestseller":"#f0d00e","banner_comingsoon":"#585757","banner_new":"#007ace","banner_preorder":"#6e6e6f","banner_sale":"#c70000","banner_staffpick":"#222222","qty_icon_color":"#fff","qty_icon_hover_color":"#ddd","qty_background_color":"#000","qty_background_hover_color":"#222","regular__font":"montserrat_n4","regular_font_size":15,"logo__font":"josefin_sans_n4","logo_font_size":20,"logo_font_style":"none","nav__font":"montserrat_n4","nav_font_size":14,"nav_letter_spacing":1,"nav_font_style":"lowercase","dropdown_heading_font_size":16,"dropdown_font_size":12,"dropdown_letter_spacing":0,"dropdown_font_style":"uppercase","button__font":"montserrat_n4","button_letter_spacing":0,"button_font_style":"uppercase","heading__font":"itc_bodoni_twelve_n4","heading_size":20,"heading_letter_spacing":0,"heading_font_style":"none","preheading_font":"montserrat_n4","preheading_size":15,"preheading_style":"none","subheading_font":"montserrat_n4","subheading_size":15,"subheading_style":"none","banner_heading__font":"itc_bodoni_twelve_n4","banner_heading_size":40,"banner_heading_style":"uppercase","banner_text__font":"montserrat_n5","banner_text_size":15,"banner_text_letter_spacing":1,"footer_heading_font_size":18,"footer_font_size":14,"search_option":"everything","search_title":"Search","search_placeholder":"search tailor vintage","search_heading_color":"#000","search_display_style":"popup","search_popup_bg":"#fff","search_menu":"","enable_autocomplete":true,"search_to_display":5,"show_secondary_image":false,"display_vendor":false,"thumbnail_hover_enabled":true,"thumbnail_text_alignment":"center","stickers_enabled":false,"sticker_shape":"square","sticker_position":"right","collection_swatches":true,"collection_swatches_shape":"square","enable_shopify_review_comments":false,"enable_shopify_collection_badges":false,"display_product_quantity":false,"limit_quantity":false,"display_inventory_left":false,"inventory_threshold":10,"free_price_text":"Free","product_form_style":"dropdown","swatch_style":"square","notify_me_form":true,"notify_me_description":"<p>Notify me when this product is available:<\/p>","size_chart":"","enable_quickshop":true,"quickshop_button_style":"button--secondary","quickshop_show_vendor":false,"quickshop_show_price_savings":true,"show_dynamic_checkout_button":false,"quickshop_truncate_words":false,"quickshop_truncate_words_limit":20,"qs_popup_color":"#fff","show_product_gallery_thumbnails":true,"quickshop_arrows":true,"quickshop_magnify_images":false,"quickshop_speed":0,"quickshop_gallery_transition_styles":"slide","quickshop_thumbnail_position":"bottom-thumbnails","enable_thumbnail_slider":true,"quickshop_gallery_position":"left","video_looping":false,"cart_action":"mini_cart","show_lock_icon":true,"cart_icon":"bag","display_special_instructions":true,"display_tos_checkbox":false,"tos_page":"","display_savings":false,"display_ajax_quantity_box":false,"cart_message":"","go_to_checkout":true,"enable_shipping_calculator":false,"shipping_calculator_default_country":"United States","currency_format":"money_with_currency_format","show_multiple_currencies":false,"supported_currencies":"USD CAD INR GBP AUD EUR JPY","default_currency":"USD","disqus_enabled":false,"disqus_shortname":"","twitter_link":"","facebook_link":"https:\/\/www.facebook.com\/tailorvintage","youtube_link":"","vimeo_link":"","pinterest_link":"","tumblr_link":"","instagram_link":"https:\/\/www.instagram.com\/tailorvintage","snapchat_link":"","houzz_link":"","linkedin_link":"","dribbble_link":"","behance_link":"","flickr_link":"","email_link":"","og_image_fallback":"","favicon":"shopify:\/\/shop_images\/TV_2_SAILS.png","checkout_header_image":"","checkout_logo_image":"","checkout_logo_position":"left","checkout_logo_size":"medium","checkout_body_background_image":"","checkout_body_background_color":"#fff","checkout_input_background_color_mode":"white","checkout_sidebar_background_image":"","checkout_sidebar_background_color":"#fafafa","checkout_heading_font":"-apple-system, BlinkMacSystemFont, 'Segoe UI', Roboto, Helvetica, Arial, sans-serif, 'Apple Color Emoji', 'Segoe UI Emoji', 'Segoe UI Symbol'","checkout_body_font":"-apple-system, BlinkMacSystemFont, 'Segoe UI', Roboto, Helvetica, Arial, sans-serif, 'Apple Color Emoji', 'Segoe UI Emoji', 'Segoe UI Symbol'","checkout_accent_color":"#197bbd","checkout_button_color":"#197bbd","checkout_error_color":"#e32c2b","sections":{"1557099160579":{"type":"index__logo-list","blocks":{"1557099160579-0":{"type":"logo_image","settings":{"image":"shopify:\/\/shop_images\/d9b1d22341617421ff8040fa27ca5163_160x160_2x_b7b5b744-9788-4f76-b810-c546e19254d6.png"}},"1557099160579-1":{"type":"logo_image","settings":{"image":"shopify:\/\/shop_images\/500-x-210-Layout-07_160x160_2x_63be2d59-c0da-432d-bf7e-9e009aa83238.png"}},"1557099160579-2":{"type":"logo_image","settings":{"image":"shopify:\/\/shop_images\/Mens-Journal_copy_78ed74f6-2b9f-4dee-9dde-6025c402843e_160x160_2x_1.png"}},"1557099160579-3":{"type":"logo_image","settings":{"image":"shopify:\/\/shop_images\/Inc-Magazine-Logo_copy_160x160_2x_9b8c0602-72ed-4cc3-99ba-1d878c0e2b85.png"}},"1557099160579-4":{"type":"logo_image","settings":{"image":"shopify:\/\/shop_images\/esquire-logo_160x160_2x_2e94551a-ecf0-4416-bf7a-3f3ec0b08b39.png"}},"1599056148629":{"type":"logo_image","settings":{"image":"shopify:\/\/shop_images\/GQ_Logo.svg_160x160_2x_38d8b528-766d-43e8-9b37-08951f985eee.png"}},"1599056196041":{"type":"logo_image","settings":{"image":"shopify:\/\/shop_images\/Logo_InStyle_160x160_2x_6e782895-b8d7-44ad-a6ee-ce641633e8b8.png"}},"1599056237652":{"type":"logo_image","settings":{"image":"shopify:\/\/shop_images\/Maxim_Magazine_Logo.svg_160x160_2x_401ac27f-f17f-4b4b-b40b-55e3622afdb2.png"}}},"block_order":["1557099160579-0","1557099160579-1","1557099160579-2","1557099160579-3","1557099160579-4","1599056148629","1599056196041","1599056237652"],"settings":{"logos_per_row":5,"logo_size":"medium","background":"rgba(0,0,0,0)","gradient":"rgba(0,0,0,0)","gradient_rotation":0,"width":"standard","padding_top":0,"padding_bottom":0,"padding_left":0,"padding_right":0,"animation":"none","css_class":"","custom_css":""}},"1557099168881":{"type":"index__rich-text","disabled":true,"settings":{"title":"Coziest Fall Styles are here","heading_font":"avenir_next_n4","heading_color":"rgba(0,0,0,0)","heading_alignment":"center","heading_size":22,"text":"","text_font":"avenir_next_n4","text_color":"#606060","text_alignment":"center","text_size":18,"columns":1,"button_label":"Shop Now","button_alignment":"center","button_style":"button--link-style","background":"#d9f0ff","gradient":"rgba(0,0,0,0)","gradient_rotation":180,"width":"wide","padding_top":0,"padding_bottom":0,"padding_left":0,"padding_right":0,"animation":"fadeInDown","css_class":"p","custom_css":"p {\n  margin: -8px;\n}"}},"announcement-bar":{"type":"announcement-bar","settings":{"icon_label":"","text":"<p>20% off $100 or more  <strong>HOLIDAY20  <\/strong><\/p><p>30% off $250 or more <strong>HOLIDAY30 <\/strong><\/p><p>50% off $500 or more <strong>HOLIDAY50<\/strong>   <\/p>","alignment":"center","size":"regular","button_label":"","button_style":"button--primary","background":"#000059","text_color":"#ffffff","width":"wide","homepage_only":false,"enable_sticky":false,"show_close_icon":true,"css_class":"","custom_css":""}},"header__top-bar":{"type":"header__top-bar","blocks":{"header__top-bar-0":{"type":"text","settings":{"text":"123 Main Street, Pleasantville USA"}},"header__top-bar-1":{"type":"social_media","settings":{}}},"block_order":["header__top-bar-0","header__top-bar-1"],"settings":{"show_top_bar":false,"font":"open_sans_n4","font_style":"none","font_size":14,"letter_spacing":0,"show_locale_selector":true,"show_currency_selector":true,"background":"rgba(0,0,0,0)","link_color":"rgba(0,0,0,0)","link_hover_color":"rgba(0,0,0,0)","text_color":"#000000","width":"standard","css_class":"","custom_css":""}},"header-classic":{"type":"header-classic","settings":{"logo":"shopify:\/\/shop_images\/New_TV_Logo_s.jpg","logo_width":200,"main_linklist":"new-menu","menu_alignment":"center","dropdown_click":false,"display_search":true,"icon_style":"icons_text","enable_overlay":false,"show_text_shadow":false,"overlay_link_color":"rgba(0,0,0,0)","overlay_link_hover_color":"rgba(0,0,0,0)","overlay_background":"rgba(0,0,0,0)","overlay_background_opacity":0,"overlay_logo":"","overlay_logo_width":80,"enable_sticky":false,"sticky_background_opacity":50,"scroll_logo_width":80,"width":"standard","vertical_alignment":"center","css_class":"","custom_css":""}},"mega-menu-1":{"type":"mega-menu-1","blocks":{"mega-menu-1-0":{"type":"menu","settings":{"menu_1":"performance-polos-and-tees","menu_1_link":"shopify:\/\/collections\/polos-tees"}},"1601062347085":{"type":"image","settings":{"image":"shopify:\/\/shop_images\/waffle_group_b74fbbba-0f7f-4238-95e7-d3d785f08380.jpg","image_link":"shopify:\/\/products\/airotec-performance-stretch-waffle-henley-med-grey-heather-navy-blazer","image_caption":"<p><em>Airotec® Waffle Henley<\/em><\/p>"}},"1602028007538":{"type":"image","settings":{"image":"shopify:\/\/shop_images\/jersey_stack.jpg","image_link":"https:\/\/tailorvintage.com\/collections\/polos-tees\/Performance-Tees","image_caption":"<p>Performance Tees<\/p>"}},"ede0ce9c-7df3-46cb-b51e-798a0203a3b4":{"type":"image","settings":{"image":"shopify:\/\/shop_images\/polos_6a418867-5591-46d9-ab16-20747f965666.jpg","image_link":"https:\/\/tailorvintage.com\/collections\/polos-tees\/Airotec-Polos","image_caption":"<p>Performance Polos<\/p>"}}},"block_order":["mega-menu-1-0","1601062347085","1602028007538","ede0ce9c-7df3-46cb-b51e-798a0203a3b4"],"settings":{"parent_link":"polos & tees","enable_mega_menu_border":false,"mega_menu_background_color":"#ffffff","mega_menu_text_color":"#000000","show_mega_bottom_bar":false,"mega_bottom_bar_icon":"","mega_bottom_bar_text":"Add your deal, information or promotional text","size":"regular","bottom_banner_bg":"#007ace","bottom_banner_text":"#efefef","css_class":"","custom_css":""}},"footer__icon-bar":{"type":"footer__icon-bar","settings":{"show_icon_bar":true,"alignment":"center","icon_position":"row","size":"medium","background":"#8b8b8b","link_color":"#ffffff","link_hover_color":"#000000","text_color":"#ffffff","width":"standard","css_class":"","custom_css":""}},"footer-classic":{"type":"footer-classic","blocks":{"footer-classic-0":{"type":"logo","settings":{"size":"small","text":"","social_icons_footer":false}},"footer-classic-1":{"type":"link_list","settings":{"menu":"footer-1","social_icons_footer":false}},"1599053291533":{"type":"link_list","settings":{"menu":"customer-service","social_icons_footer":false}},"1599053320619":{"type":"link_list","settings":{"menu":"faqs","social_icons_footer":false}},"1599053335418":{"type":"link_list","settings":{"menu":"wholesale-login","social_icons_footer":false}}},"block_order":["footer-classic-0","footer-classic-1","1599053291533","1599053320619","1599053335418"],"settings":{"copyright_text":"","display_designed_by":true,"display_shopify":true,"display_payment_methods":true,"show_locale_selector":true,"show_currency_selector":true,"css_class":"","custom_css":""}},"collection__banner":{"type":"collection__banner","settings":{"show_banner":true,"image_darken":false,"subtitle":"","width":"standard","banner_height":"medium","padding_top":0,"padding_bottom":0,"css_class":"","custom_css":""}},"collection__sidebar":{"type":"collection__sidebar","blocks":{"1602016734302":{"type":"tag_filter","settings":{"title":"TYPE","filter_tags":"SHORTS,SWIM,SWEATER,POLO,PULLOVER,SHIRT JACKET,BUTTON DOWN,HENLEY,1\/2 ZIP,1\/4 ZIP,FULL-ZIP ,FLEECE ,FLANNEL ,  HENLEY SWEATER, VEST, 5-Pocket Slim, 5-Pocket Athletic, Chino Modern Slim, 5-Pocket Corduroy","enable_filter_swatches":false}},"1602016350734":{"type":"tag_filter","settings":{"title":"FEATURES","filter_tags":"PERFORMANCE,REVERSIBLE,AIROTEC,PURETEC COOL, QUILTED","enable_filter_swatches":false}},"1602016528170":{"type":"tag_filter","settings":{"title":"MATERIAL","filter_tags":"LINEN ,SATEEN,CORDUROY,COTTON,FLEECE,FRENCH TERRY,SWEATER FLEECE,SHERPA FLEECE,BERBER FLEECE, FLANNEL","enable_filter_swatches":false}},"1602016883808":{"type":"tag_filter","settings":{"title":"SLEEVE LENGTH","filter_tags":"Long Sleeve, Short Sleeve","enable_filter_swatches":false}},"1598906579671":{"type":"tag_filter","settings":{"title":"COLOR","filter_tags":"RED,ORANGE,YELLOW,GREEN,BLUE,PURPLE,PINK,BROWN,TAN,BLACK,GREY,MULTI","enable_filter_swatches":true}}},"block_order":["1602016734302","1602016350734","1602016528170","1602016883808","1598906579671"],"settings":{"show_sidebar":true,"css_class":"","custom_css":""}},"collection__main":{"type":"collection__main","settings":{"collection_breadcrumb":false,"collection_tags":false,"collection_sort":true,"show_promo_banner":false,"image_darken":true,"promo_title":"Special sale on now!","promo_text":"<p>Description of promotion with lots of details.<\/p>","banner_height":"medium","align_height":false,"collection_height":400,"products_per_row":3,"mobile_products_per_row":"1","pagination_limit":50,"pagination_type":"infinite_scroll","width":"wide","padding_top":30,"padding_bottom":30,"css_class":"","custom_css":""}},"1596830901344":{"type":"index__collection-list","disabled":true,"blocks":{"1596830901344-1":{"type":"collection","settings":{"feature_collection":"polos-tees","image":"shopify:\/\/shop_images\/polo_5b79a688-7311-4fdc-9244-27b6775b9a0a.jpg","title":"Polos, Tees and Henleys","button_label":""}},"1600645059250":{"type":"collection","settings":{"feature_collection":"woven","image":"shopify:\/\/shop_images\/casual_shirt.jpg","title":"Casual Shirts","button_label":""}},"1596831001718":{"type":"collection","settings":{"feature_collection":"sweaters-fleece","image":"shopify:\/\/shop_images\/sweater_and_fleece_2897f18b-81ec-4a9e-b3b1-98172afa1cc0.jpg","title":"","button_label":""}},"1600645233317":{"type":"collection","settings":{"feature_collection":"","image":"shopify:\/\/shop_images\/outerwear2.jpg","title":"Outerwear","button_label":""}},"1596831004599":{"type":"collection","settings":{"feature_collection":"pants","image":"shopify:\/\/shop_images\/pants.jpg","title":"","button_label":""}},"1596830901344-0":{"type":"collection","settings":{"feature_collection":"shorts","image":"shopify:\/\/shop_images\/shorts.jpg","title":"Shorts","button_label":""}}},"block_order":["1596830901344-1","1600645059250","1596831001718","1600645233317","1596831004599","1596830901344-0"],"settings":{"collections_per_row":3,"align_height":false,"collection_height":400,"button_style":"button--secondary","overlay_background":"rgba(0,0,0,0)","overlay_background_opacity":70,"overlay_text":"#ffffff","collection_title_below_image":true,"width":"standard","show_gutter":true,"padding_top":20,"padding_bottom":0,"animation":"none","css_class":"","custom_css":""}},"1596831710076":{"type":"index__featured-collection","disabled":true,"settings":{"title":"PURETEC COOL™ NANOFIBER FILTER MASK","collection":"masks","products_per":3,"mobile_products_per_row":"1","products_limit":3,"align_height":false,"collection_height":150,"collection_style":"grid","width":"standard","show_gutter":true,"padding_top":20,"padding_bottom":10,"animation":"none","css_class":"","custom_css":""}},"header-centered__top-bar":{"type":"header-centered__top-bar","settings":{"show_social_icons":true,"text":"<p>Free shipping on all orders<\/p>","show_locale_selector":true,"show_currency_selector":true,"font":"open_sans_n4","font_style":"none","font_size":15,"letter_spacing":0,"top_bar_background":"rgba(0,0,0,0)","top_bar_link":"rgba(0,0,0,0)","top_bar_link_hover":"rgba(0,0,0,0)","top_bar_text":"rgba(0,0,0,0)","display_search":true,"icon_style":"icons","cart_button_background":"#000000","cart_button_text":"#ffffff","css_class":"","custom_css":""}},"header-centered":{"type":"header-centered","settings":{"logo":"shopify:\/\/shop_images\/New_TV_Logo_s.jpg","logo_width":180,"logo_position":"above","main_linklist":"new-menu","menu_spacing":"default","dropdown_click":false,"enable_overlay":false,"show_text_shadow":false,"overlay_background":"rgba(0,0,0,0)","overlay_background_opacity":0,"overlay_link_color":"rgba(0,0,0,0)","overlay_link_hover_color":"rgba(0,0,0,0)","overlay_logo_width":80,"enable_sticky":false,"display_search":true,"sticky_background_opacity":50,"scroll_logo_width":200,"width":"standard","css_class":"","custom_css":""}},"1598288018227":{"type":"index__newsletter","settings":{"display_first_name":false,"display_last_name":false,"newsletter_title":"","newsletter_richtext":"<p>Subscribe to get 15% off your first order plus, exclusive special offers!<\/p>","newsletter_section_text_align":"left","background_color":"#e5e5e5","text_color":"#000000","image_darken":false,"image_cropping":"center","image_position":"left","width":"wide","padding_top":0,"padding_bottom":0,"padding_left":0,"padding_right":0,"animation":"none","css_class":"","custom_css":""}},"1598288597291":{"type":"index__image-with-text","disabled":true,"blocks":{"1598288597291-0":{"type":"image","settings":{"image":"shopify:\/\/shop_images\/STORE.jpg","image_crop":"none"}},"1598288597291-1":{"type":"image","settings":{"image":"shopify:\/\/shop_images\/STORE_2.jpg","image_crop":"none"}},"1598288597291-2":{"type":"text","settings":{"title":"COME VISIT OUR NEW STORE AT THE SONO COLLECTION MALL","heading_size":"small","text":"<p>Location: Sono Collection Mall 100 N Water St, Norwalk, CT 06854<\/p><p><\/p><p>Hours of Operation: <\/p><p>Mon-Sat: 11am-6pm <\/p><p>Sunday: 12pm-5pm<\/p>","button_label":"Visit Us","button_style":"button--primary","background":"rgba(0,0,0,0)","text_color":"rgba(0,0,0,0)","alignment":"left","vertical_position":"center"}}},"block_order":["1598288597291-0","1598288597291-1","1598288597291-2"],"settings":{"width":"standard","show_gutter":true,"padding_top":20,"padding_bottom":20,"animation":"none","css_class":"","custom_css":""}},"1598288741780":{"type":"index__heading","settings":{"preheading":"<p>AS SEEN IN<\/p>","title":"","subheading":"","preheading_color":"rgba(0,0,0,0)","heading_color":"rgba(0,0,0,0)","subheading_color":"rgba(0,0,0,0)","background":"rgba(0,0,0,0)","gradient":"rgba(0,0,0,0)","gradient_rotation":0,"heading_alignment":"center","vertical_spacing":"medium","width":"standard","padding_top":10,"padding_bottom":0,"padding_left":0,"padding_right":0,"animation":"none","css_class":"","custom_css":""}},"1601066175942":{"type":"index__image-with-text-overlay","disabled":true,"settings":{"image":"shopify:\/\/shop_images\/NEXT_GENERATION_APPAREL_496bf526-504d-4679-9e34-7ada3369f85f.jpg","pretext":"","title":"","subtitle":"","pretext_color":"#000000","heading_color":"#000000","subheading_color":"#000000","text_alignment":"center","text_horizontal_position":"center","text_vertical_position":"middle","background_color":"#ffffff","background_opacity":0,"border_color":"#ffffff","border_width":0,"text_width":40,"button_1":"","button_1_style":"button--secondary","button_2":"","button_2_style":"button--secondary","button_3":"Button 3","button_3_style":"button--secondary","mobile_image_crop":"none","mobile_text_below_image":false,"pretext_color_mobile":"rgba(0,0,0,0)","heading_color_mobile":"rgba(0,0,0,0)","subheading_color_mobile":"rgba(0,0,0,0)","width":"standard","padding_top":0,"padding_bottom":18,"padding_left":0,"padding_right":0,"animation":"none","css_class":"","custom_css":""}},"1601145751478":{"type":"index__heading","disabled":true,"settings":{"preheading":"<p>SHOP BY CATEGORY<\/p>","title":"","subheading":"","preheading_color":"rgba(0,0,0,0)","heading_color":"rgba(0,0,0,0)","subheading_color":"rgba(0,0,0,0)","background":"rgba(0,0,0,0)","gradient":"rgba(0,0,0,0)","gradient_rotation":0,"heading_alignment":"center","vertical_spacing":"small","width":"standard","padding_top":0,"padding_bottom":0,"padding_left":0,"padding_right":0,"animation":"none","css_class":"","custom_css":""}},"1601148047344":{"type":"index__slideshow-with-text","blocks":{"2341872f-5ac3-4c8e-8837-21e908bc1fe6":{"type":"image","settings":{"image":"shopify:\/\/shop_images\/GAITER-PTC2_a3ef6236-71be-4854-a4ec-73cc575ea707.gif","pretext":"<p><strong>Puretec cool® Antimicrobial Mask and Gaiter with Nanofiber Filter<\/strong><\/p>","title":"","text":"<p>Features nanofiber filter which is sewed in the area that covers the wearer’s nose and mouth blocks out 99.9% of all bacteria and particles.<\/p>","button_label":""}},"1601148047344-0":{"type":"image","settings":{"image":"shopify:\/\/shop_images\/MASKS2.jpg","pretext":"","title":"Puretec cool™ Mask","text":"<p>Our nanofiber filter masks are perfect for everday, non-medical use. <\/p><p>You buy one, we donate one.<\/p>","button_label":"Buy now","button_link":"shopify:\/\/collections\/masks-1"}},"1601148047344-1":{"type":"image","settings":{"image":"shopify:\/\/shop_images\/mask_3_a2c5007f-90f1-45a3-b9cb-920837482622.jpg","pretext":"","title":"YOU BUY ONE MASK, WE DONATE ONE","text":"<p>We&#x27;ve donated masks to local charities, like Salvation Army.<\/p>","button_label":"BUY NOW","button_link":"shopify:\/\/collections\/masks-1"}}},"block_order":["2341872f-5ac3-4c8e-8837-21e908bc1fe6","1601148047344-0","1601148047344-1"],"settings":{"background_color":"#eeeeee","text_color":"rgba(0,0,0,0)","text_alignment":"center","text_transition":"fadeIn","button_style":"button--primary","show_nav_buttons":true,"image_position":"right","image_transition":"slide","image_slideshow_speed":4,"show_arrows":true,"width":"standard","show_gutter":true,"padding_top":12,"padding_bottom":0,"css_class":"","custom_css":""}},"1601149633076":{"type":"index__slideshow-classic","blocks":{"ff008155-7b4b-4448-b167-3067da917f3d":{"type":"image","settings":{"link":"https:\/\/tailorvintage.com\/pages\/shop-the-look","image":"shopify:\/\/shop_images\/TV_GIFT_2cbf3abf-93ec-43a4-b4ba-40a5822b8cc3.jpg","mobile_image":"shopify:\/\/shop_images\/TV_GIFT_mobile_330c2e9a-cf74-412b-afef-1314da9bbe9b.jpg","pretext":"","title":"","subtitle":"","pretext_color":"#000000","heading_color":"#000000","subheading_color":"#000000","text_alignment":"center","text_horizontal_position":"center","background_color":"#ffffff","background_opacity":77,"border_color":"#ffffff","border_width":0,"text_width":40,"button_1":"","button_1_style":"button--secondary","button_2":"","button_2_style":"button--secondary","mobile_image_crop":"none","pretext_color_mobile":"rgba(0,0,0,0)","heading_color_mobile":"rgba(0,0,0,0)","subheading_color_mobile":"rgba(0,0,0,0)"}},"1601149633076-0":{"type":"image","settings":{"link":"https:\/\/tailorvintage.com\/collections\/gifts","image":"shopify:\/\/shop_images\/nice_list_728b24bb-a4a5-4d45-8269-a4b4c55572e3.jpg","mobile_image":"shopify:\/\/shop_images\/nice_list_mobile_fbf62516-1f3b-41ad-989b-c7e7667067bb.jpg","pretext":"","title":"","subtitle":"","pretext_color":"#000000","heading_color":"#000000","subheading_color":"#000000","text_alignment":"center","text_horizontal_position":"center","background_color":"#ffffff","background_opacity":0,"border_color":"#ffffff","border_width":0,"text_width":40,"button_1":"","button_1_link":"shopify:\/\/collections\/new-arrivals","button_1_style":"button--secondary","button_2":"","button_2_style":"button--secondary","mobile_image_crop":"none","pretext_color_mobile":"rgba(0,0,0,0)","heading_color_mobile":"rgba(0,0,0,0)","subheading_color_mobile":"rgba(0,0,0,0)"}},"1601149957378":{"type":"image","settings":{"link":"https:\/\/tailorvintage.com\/collections\/gifts","image":"shopify:\/\/shop_images\/winter_essentials.jpg","mobile_image":"shopify:\/\/shop_images\/winter_essentials_mobile_11dc7f7d-45f9-4f32-8293-18f3c518b8f7.jpg","pretext":"","title":"","subtitle":"","pretext_color":"#000000","heading_color":"#000000","subheading_color":"#000000","text_alignment":"center","text_horizontal_position":"center","background_color":"#ffffff","background_opacity":77,"border_color":"#ffffff","border_width":0,"text_width":40,"button_1":"","button_1_link":"shopify:\/\/collections\/new-arrivals","button_1_style":"button--secondary","button_2":"","button_2_style":"button--secondary","mobile_image_crop":"none","pretext_color_mobile":"rgba(0,0,0,0)","heading_color_mobile":"rgba(0,0,0,0)","subheading_color_mobile":"rgba(0,0,0,0)"}},"1601149633076-1":{"type":"image","settings":{"link":"https:\/\/tailorvintage.com\/collections\/gifts","image":"shopify:\/\/shop_images\/comfort_and_joy.jpg","mobile_image":"shopify:\/\/shop_images\/comfort_and_joy_mobile_e0e866c8-7f7a-4987-b463-d24d7f2c3118.jpg","pretext":"","title":"","subtitle":"","pretext_color":"#000000","heading_color":"#000000","subheading_color":"#000000","text_alignment":"center","text_horizontal_position":"center","background_color":"#ffffff","background_opacity":77,"border_color":"#ffffff","border_width":0,"text_width":40,"button_1":"","button_1_link":"shopify:\/\/collections\/new-arrivals","button_1_style":"button--secondary","button_2":"","button_2_style":"button--secondary","mobile_image_crop":"none","pretext_color_mobile":"rgba(0,0,0,0)","heading_color_mobile":"rgba(0,0,0,0)","subheading_color_mobile":"rgba(0,0,0,0)"}}},"block_order":["ff008155-7b4b-4448-b167-3067da917f3d","1601149633076-0","1601149957378","1601149633076-1"],"settings":{"image_transition":"slide","image_slideshow_speed":3,"show_arrows":true,"show_nav_buttons":false,"mobile_text_below_image":true,"width":"wide","padding_top":0,"padding_bottom":0,"animation":"none","css_class":"","custom_css":""}},"product__sidebar":{"type":"product__sidebar","blocks":{"product__sidebar-0":{"type":"featured_promo","settings":{"promo_background":"#eeeeee","promo_text":"#000000","richtext":"<p>Use this area for promotional information.<\/p>","button_label":"Shop now","button_style":"button--primary"}},"product__sidebar-1":{"type":"menu","settings":{"menu":""}},"product__sidebar-2":{"type":"text","settings":{"title":"Heading","text":"<p>Text area can be used for details about blog authors or general information.<\/p>"}}},"block_order":["product__sidebar-0","product__sidebar-1","product__sidebar-2"],"settings":{"show_sidebar":false,"css_class":"","custom_css":""}},"product__main":{"type":"product__main","blocks":{"product__main-0":{"type":"recommended_products","settings":{"width":"wide","padding_top":20,"padding_bottom":20,"animation":"none"}}},"block_order":["product__main-0"],"settings":{"product_breadcrumb":false,"display_thumbnails":true,"gallery_arrows":true,"enable_zoom":true,"enable_product_lightbox":true,"slideshow_speed":0,"slideshow_transition":"slide","thumbnail_position":"bottom-thumbnails","enable_thumbnail_slider":true,"display_vendor":false,"display_sku":true,"enable_shopify_product_badges":false,"display_savings":true,"display_collections":false,"display_type":false,"display_tags":false,"display_social_buttons":true,"product_description_position":"top","show_payment_button":true,"product_images_position":"left","set_product_height":false,"product_height":500,"video_looping":false,"width":"standard","padding_top":20,"padding_bottom":20,"animation":"none","css_class":"","custom_css":""}},"product__recommendations":{"type":"product__recommendations","settings":{"show_product_recommendations":true,"product_recommendations_style":"grid","product_recommendations_heading":"You may also like","products_per":3,"recommended_products_limit":3,"align_height":false,"collection_height":200}},"search__banner":{"type":"search__banner","settings":{"show_banner":false,"image_darken":false,"width":"wide","banner_height":"medium","padding_top":0,"padding_bottom":0,"css_class":"","custom_css":""}},"search__sidebar":{"type":"search__sidebar","blocks":{"search__sidebar-0":{"type":"featured_promo","settings":{"promo_background":"#eeeeee","promo_text":"#000000","richtext":"<p>Use this area for promotional information.<\/p>","button_label":"Shop now","button_style":"button--primary"}},"search__sidebar-1":{"type":"menu","settings":{"menu":""}},"search__sidebar-2":{"type":"text","settings":{"title":"Heading","text":"<p>Text area can be used for details about blog authors or general information.<\/p>"}}},"block_order":["search__sidebar-0","search__sidebar-1","search__sidebar-2"],"settings":{"show_sidebar":false,"css_class":"","custom_css":""}},"search__main":{"type":"search__main","settings":{"search_breadcrumb":true,"text":"<p>Find what you seek.<\/p>","products_per_row":3,"mobile_products_per_row":"2","pagination_limit":48,"pagination_type":"basic_pagination","align_height":false,"collection_height":200,"blog_author":false,"blog_date":true,"width":"standard","padding_top":40,"padding_bottom":40,"css_class":"","custom_css":""}},"mega-menu-2":{"type":"mega-menu-2","blocks":{"mega-menu-2-0":{"type":"menu","settings":{"menu_1":"discover"}},"mega-menu-2-4":{"type":"image","settings":{"image":"shopify:\/\/shop_images\/MAX_BOAT.jpg","image_caption":""}},"1601766089493":{"type":"image","settings":{"image":"shopify:\/\/shop_images\/SUSTAINABILITY_WORLD-revised.jpg","image_caption":""}}},"block_order":["mega-menu-2-0","mega-menu-2-4","1601766089493"],"settings":{"parent_link":"our story","enable_mega_menu_border":false,"mega_menu_background_color":"#f6f6f6","mega_menu_text_color":"#404040","show_mega_bottom_bar":false,"mega_bottom_bar_icon":"","mega_bottom_bar_text":"Add your deal, information or promotional text","size":"regular","bottom_banner_bg":"#007ace","bottom_banner_text":"#efefef","css_class":"","custom_css":""}},"page__main":{"type":"page__main","settings":{"width":"standard","padding_top":40,"padding_bottom":40,"css_class":"","custom_css":""}},"mega-menu-3":{"type":"mega-menu-3","blocks":{"mega-menu-3-0":{"type":"menu","settings":{"menu_1":"casual-shirts","menu_1_link":"shopify:\/\/collections\/woven"}},"mega-menu-3-4":{"type":"image","settings":{"image":"shopify:\/\/shop_images\/navy_apres.jpg","image_link":"shopify:\/\/products\/airotec-performance-heavy-weight-df-shirt-jacket-navy-apres-df-plaid","image_caption":"<p>Airotec® shirt jacket<\/p>"}},"1602027723880":{"type":"image","settings":{"image":"shopify:\/\/shop_images\/stacks.jpg","image_link":"https:\/\/tailorvintage.com\/collections\/woven\/Flannel","image_caption":"<p>Performance flannel shirts<\/p>"}},"5f938144-6560-4e83-8e87-37c575b308d1":{"type":"image","settings":{"image":"shopify:\/\/shop_images\/painted_desert.jpg","image_link":"shopify:\/\/products\/airotec-performance-stretch-flannel-shirt-painted-desert-stripe","image_caption":"<p>Flannel stripes<\/p>"}}},"block_order":["mega-menu-3-0","mega-menu-3-4","1602027723880","5f938144-6560-4e83-8e87-37c575b308d1"],"settings":{"parent_link":"shirts","enable_mega_menu_border":false,"mega_menu_background_color":"#f6f6f6","mega_menu_text_color":"#404040","show_mega_bottom_bar":false,"mega_bottom_bar_icon":"","mega_bottom_bar_text":"Add your deal, information or promotional text","size":"regular","bottom_banner_bg":"#007ace","bottom_banner_text":"#efefef","css_class":"","custom_css":""}},"mega-menu-4":{"type":"mega-menu-4","blocks":{"mega-menu-4-0":{"type":"menu","settings":{"menu_1":"sweaters-and-fleece"}},"1602028530303":{"type":"image","settings":{"image":"shopify:\/\/shop_images\/sweater_fleece_607ae527-ef58-4d5c-94d9-04ba4bca8ec1.jpg","image_link":"shopify:\/\/products\/sherpa-fleece-shirt-jacket-navy","image_caption":"<p>cozy sherpa fleece shirt<\/p>"}},"mega-menu-4-4":{"type":"image","settings":{"image":"shopify:\/\/shop_images\/cable_sweater_bb3d58bd-a928-4fc5-9bfb-0f741c82bea6.jpg","image_link":"shopify:\/\/products\/fisherman_cable_sweater_w-_buttons_navy","image_caption":"<p>FISHERMAN CABLE SWEATER<\/p>"}},"d2b845f0-1a5e-4cd9-aee4-99e752d8b7ee":{"type":"image","settings":{"image":"shopify:\/\/shop_images\/1-4_ZIP.jpg","image_link":"https:\/\/tailorvintage.com\/collections\/sweaters-fleece\/1%2F4-Zips","image_caption":"<p>VERSATILE 1\/4 ZIPS<\/p>"}}},"block_order":["mega-menu-4-0","1602028530303","mega-menu-4-4","d2b845f0-1a5e-4cd9-aee4-99e752d8b7ee"],"settings":{"parent_link":"sweaters & fleece","enable_mega_menu_border":false,"mega_menu_background_color":"#f6f6f6","mega_menu_text_color":"#404040","show_mega_bottom_bar":false,"mega_bottom_bar_icon":"","mega_bottom_bar_text":"Add your deal, information or promotional text","size":"regular","bottom_banner_bg":"#007ace","bottom_banner_text":"#efefef","css_class":"","custom_css":""}},"mega-menu-5":{"type":"mega-menu-5","blocks":{"7400eac2-59a7-4708-841d-76e8582180c2":{"type":"mixed","settings":{"richtext_top":"","image_caption_top":"","menu_1":"pants","menu_2":"shorts","menu_2_link":"shopify:\/\/collections\/shorts","menu_3":"","menu_4":"","richtext_bottom":""}},"mega-menu-5-4":{"type":"image","settings":{"image":"shopify:\/\/shop_images\/1651.jpg","image_link":"https:\/\/tailorvintage.com\/collections\/pants\/5-Pocket-Athletic","image_caption":"<p>SHOP WESTPORT ATHLETIC FIT<\/p>"}},"1602029243329":{"type":"image","settings":{"image":"shopify:\/\/shop_images\/1655.jpg","image_link":"https:\/\/tailorvintage.com\/collections\/pants\/5-Pocket-Slim","image_caption":"<p>SHOP NEW CANAAN MODERN SLIM FIT<\/p>"}},"434bee29-7249-4ea0-b37f-e2c06a3242c9":{"type":"image","settings":{"image":"shopify:\/\/shop_images\/1650.jpg","image_link":"https:\/\/tailorvintage.com\/collections\/pants\/Chino-Modern-Slim","image_caption":"<p>SHOP GREENWICH SLIM FIT<\/p>"}}},"block_order":["7400eac2-59a7-4708-841d-76e8582180c2","mega-menu-5-4","1602029243329","434bee29-7249-4ea0-b37f-e2c06a3242c9"],"settings":{"parent_link":"bottoms","enable_mega_menu_border":false,"mega_menu_background_color":"#f6f6f6","mega_menu_text_color":"#404040","show_mega_bottom_bar":false,"mega_bottom_bar_icon":"","mega_bottom_bar_text":"Add your deal, information or promotional text","size":"regular","bottom_banner_bg":"#007ace","bottom_banner_text":"#efefef","css_class":"","custom_css":""}},"mega-menu-6":{"type":"mega-menu-6","blocks":{"mega-menu-6-0":{"type":"menu","settings":{"menu_1":"gift-guide"}},"db165442-e821-4784-b305-f1fea9f9aaac":{"type":"image","settings":{"image":"shopify:\/\/shop_images\/gifts_under_50-2.jpg","image_link":"shopify:\/\/collections\/gifts-under-50","image_caption":"<p>SHOP GIFTS UNDER $50<\/p>"}},"e356efad-aaea-4d0d-bc24-97ae14dfed89":{"type":"image","settings":{"image":"shopify:\/\/shop_images\/gifts_under_100-2.jpg","image_link":"shopify:\/\/collections\/gifts-under-100","image_caption":"<p>SHOP GIFTS UNDER $100<\/p>"}},"9585dedf-d0b0-4c6a-85fc-c2976a46589b":{"type":"image","settings":{"image":"shopify:\/\/shop_images\/gifts_under_150-2.jpg","image_link":"shopify:\/\/collections\/gifts-under-150","image_caption":"<p>SHOP GIFTS UNDER $150<\/p>"}}},"block_order":["mega-menu-6-0","db165442-e821-4784-b305-f1fea9f9aaac","e356efad-aaea-4d0d-bc24-97ae14dfed89","9585dedf-d0b0-4c6a-85fc-c2976a46589b"],"settings":{"parent_link":"gifts","enable_mega_menu_border":false,"mega_menu_background_color":"#f6f6f6","mega_menu_text_color":"#404040","show_mega_bottom_bar":false,"mega_bottom_bar_icon":"","mega_bottom_bar_text":"","size":"regular","bottom_banner_bg":"#007ace","bottom_banner_text":"#efefef","css_class":"","custom_css":""}},"mega-menu-7":{"type":"mega-menu-7","blocks":{"mega-menu-7-0":{"type":"menu","settings":{"menu_1":"outerwear","menu_1_link":"shopify:\/\/collections\/outerwear"}},"mega-menu-7-4":{"type":"image","settings":{"image":"shopify:\/\/shop_images\/canvas_jkt.jpg","image_link":"shopify:\/\/products\/stretch-canvas-shirt-jacket-with-sherpa-lining-bronze-brown-w-grey-frosted-sherpa-lining","image_caption":"<p>STRETCH CANVAS JACKET<\/p>"}},"1602029569357":{"type":"image","settings":{"image":"shopify:\/\/shop_images\/red_ombre_2.jpg","image_link":"shopify:\/\/products\/quilted-reversible-flannel-to-flannel-shirt-jacket-tibetan-red-ombre-plaid-to-dark-shadow-flannel","image_caption":"<p>REVERSIBLE QUILTED FLANNEL JACKET<\/p>"}},"c502da66-3d4e-45d6-a888-86bfbaafb643":{"type":"image","settings":{"image":"shopify:\/\/shop_images\/BERBER_FLEECE_676c8ece-ef9e-4695-9d60-0bea8af41624.jpg","image_link":"shopify:\/\/products\/bonded-berber-polar-fleece-full-zip-dark-navy-berber-to-dark-shadow-polar-fleece-1","image_caption":"<p>BONDED BERBER FLEECE<\/p>"}}},"block_order":["mega-menu-7-0","mega-menu-7-4","1602029569357","c502da66-3d4e-45d6-a888-86bfbaafb643"],"settings":{"parent_link":"outerwear","enable_mega_menu_border":false,"mega_menu_background_color":"#f6f6f6","mega_menu_text_color":"#404040","show_mega_bottom_bar":false,"mega_bottom_bar_icon":"","mega_bottom_bar_text":"Add your deal, information or promotional text","size":"regular","bottom_banner_bg":"#007ace","bottom_banner_text":"#efefef","css_class":"","custom_css":""}},"1602369613514":{"type":"index__image-with-text","disabled":true,"blocks":{"1602369613514-0":{"type":"image","settings":{"image":"shopify:\/\/shop_images\/polo_3c3cd564-81b7-47fb-b946-ab2674eebfa5.jpg","image_crop":"none","image_link":"https:\/\/tailorvintage.com\/collections\/polos-tees\/Airotec-Polos"}},"1602369613514-2":{"type":"text","settings":{"title":"","heading_size":"regular","text":"<p><strong><em>AIROTEC<\/em><\/strong><em>®<\/em><strong><em> <\/em><\/strong>is water repellent\/stain resistant on face of the fabric, moisture management on the inside. It is now with  antiviral\/antimicrobial and odor-control which keeps you feeling fresh.   <strong><em>AIROTEC<\/em><\/strong><em>®<\/em>works hard, so you don&#x27;t have to.<\/p>","button_label":"SHOP AIROTEC® POLOS","link":"https:\/\/tailorvintage.com\/collections\/polos-tees\/Airotec-Polos","button_style":"button--primary","background":"rgba(0,0,0,0)","text_color":"rgba(0,0,0,0)","alignment":"left","vertical_position":"center"}}},"block_order":["1602369613514-0","1602369613514-2"],"settings":{"width":"standard","show_gutter":true,"padding_top":0,"padding_bottom":0,"animation":"none","css_class":"","custom_css":""}},"1602370766042":{"type":"index__image-with-text","disabled":true,"blocks":{"1602370766042-2":{"type":"text","settings":{"title":"","heading_size":"regular","text":"<p>Our <strong><em>AIROTEC<\/em><\/strong><em>® <\/em>cozy<em> <\/em>flannels will exceed your expectations.<\/p><p>It is water resistant, water repellent, moisture wicking and antimicrobial.  It is made with premium mid-weight cotton and brushed on both sides for extra softness. <\/p>","button_label":"shop flannels","link":"https:\/\/tailorvintage.com\/collections\/woven\/Flannel","button_style":"button--primary","background":"rgba(0,0,0,0)","text_color":"rgba(0,0,0,0)","alignment":"left","vertical_position":"center"}},"1602370766042-1":{"type":"image","settings":{"image":"shopify:\/\/shop_images\/DSC_1282.jpg","image_crop":"none","image_link":"https:\/\/tailorvintage.com\/collections\/woven\/Flannel"}}},"block_order":["1602370766042-2","1602370766042-1"],"settings":{"width":"standard","show_gutter":true,"padding_top":0,"padding_bottom":20,"animation":"none","css_class":"","custom_css":""}},"1602865764066bdbc9":{"type":"index__featured-collection","disabled":true,"settings":{"title":"SHOP THE LOOK","collection":"new-arrivals","products_per":5,"mobile_products_per_row":"2","products_limit":10,"align_height":false,"collection_height":150,"collection_style":"slider","width":"wide","show_gutter":true,"padding_top":20,"padding_bottom":20,"animation":"none","css_class":"","custom_css":""}},"product-sections__main":{"type":"product-sections__main","blocks":{"product-sections__main-1":{"type":"product_gallery","settings":{"display_thumbnails":true,"gallery_arrows":true,"enable_zoom":true,"enable_product_lightbox":true,"slideshow_speed":0,"slideshow_transition":"slide","thumbnail_position":"bottom-thumbnails","enable_thumbnail_slider":true,"set_product_height":false,"product_height":500,"video_looping":false,"width":"half","padding_top":0,"padding_bottom":0,"padding_left":0,"padding_right":0,"animation":"none"}},"product-sections__main-0":{"type":"product_info","settings":{"display_vendor":false,"display_sku":true,"enable_shopify_product_badges":false,"display_savings":true,"display_collections":false,"display_type":false,"display_tags":false,"display_social_buttons":true,"product_description_position":"top","show_payment_button":true,"width":"half","padding_top":0,"padding_bottom":0,"padding_left":0,"padding_right":0,"animation":"none"}},"0664c18e-a284-4eed-b901-d38fc690c2bc":{"type":"image_with_overlay","settings":{"image":"shopify:\/\/shop_images\/airotec_heading_narrow-white.jpg","pretext":"","title":"","subtitle":"","pretext_color":"#000000","heading_color":"#000000","subheading_color":"#000000","text_alignment":"center","text_horizontal_position":"center","text_vertical_position":"middle","background_color":"#ffffff","background_opacity":0,"border_color":"#ffffff","border_width":0,"text_width":40,"button_1":"","button_1_style":"button--secondary","button_2":"","button_2_style":"button--secondary","mobile_image_crop":"none","mobile_text_below_image":true,"pretext_color_mobile":"rgba(0,0,0,0)","heading_color_mobile":"rgba(0,0,0,0)","subheading_color_mobile":"rgba(0,0,0,0)","width":"standard","padding_top":20,"padding_bottom":0,"padding_left":0,"padding_right":0,"animation":"none"}},"f8e51e74-8ffd-4333-90bc-21958fcc0fde":{"type":"video_autoplay","settings":{"video_ap":"https:\/\/cdn.shopify.com\/s\/files\/1\/0864\/3042\/files\/airotec_waffle_2adb01e4-6fdf-437a-be9b-e14e53d5cad1.mp4?v=1605675903"}},"01107328-8a18-4bfb-a962-b7ad9a3f36a1":{"type":"image_with_text","settings":{"image_position":"left","image":"shopify:\/\/shop_images\/SYMBOLS_54f1161b-79ff-42a8-ad7a-d60e38fac439.jpg","image_crop":"none","title":"AIROTEC+® TECHNOLOGY","heading_size":"large","text":"<p>Airotec+® is the next generation performance finish available in our all natural cotton products. Airotec+® fabric surface has excellent water and oil repellency, while the fabric backside has advance moisture management that is breathable and wicks moisture away to keep skin dry, cool and comfortable.<\/p>","button_label":"","button_style":"button--primary","alignment":"center","vertical_position":"center","background":"rgba(0,0,0,0)","text_color":"rgba(0,0,0,0)","width":"standard","show_gutter":true,"padding_top":8,"padding_bottom":0,"animation":"none"}},"40ebe907-9b94-470e-9de7-7c0c3cfb4663":{"type":"image_with_text","settings":{"image_position":"right","image":"shopify:\/\/shop_images\/SUSTAINABILITY_WORLD-revised_copy_9e9a232b-94f7-4913-b244-ac5f48f88463.jpg","image_crop":"none","title":"SUSTAINABILITY","heading_size":"large","text":"<p>Airotec® treated garments means less laundry which is better for our environment.  Airotec® is PFOA-free, eco friendly and Bluesign® approved for sustainability manufacturing and consumer products. <\/p>","button_label":"","button_style":"button--primary","alignment":"center","vertical_position":"center","background":"rgba(0,0,0,0)","text_color":"rgba(0,0,0,0)","width":"standard","show_gutter":true,"padding_top":0,"padding_bottom":0,"animation":"none"}},"64f41085-8558-4042-8c68-5e92c42d326f":{"type":"image_with_overlay","settings":{"image":"shopify:\/\/shop_images\/waffle_henley_faf0f354-e5b0-430b-a42b-a100d7ecdc17.jpg","pretext":"","title":"","subtitle":"","pretext_color":"#000000","heading_color":"#000000","subheading_color":"#000000","text_alignment":"center","text_horizontal_position":"center","text_vertical_position":"middle","background_color":"#ffffff","background_opacity":100,"border_color":"#ffffff","border_width":0,"text_width":40,"button_1":"","button_1_style":"button--secondary","button_2":"","button_2_style":"button--secondary","mobile_image_crop":"none","mobile_text_below_image":true,"pretext_color_mobile":"rgba(0,0,0,0)","heading_color_mobile":"rgba(0,0,0,0)","subheading_color_mobile":"rgba(0,0,0,0)","width":"standard","padding_top":0,"padding_bottom":0,"padding_left":0,"padding_right":0,"animation":"none"}},"product-sections__main-2":{"type":"recommended_products","settings":{"width":"wide","padding_top":20,"padding_bottom":20,"animation":"none"}}},"block_order":["product-sections__main-1","product-sections__main-0","0664c18e-a284-4eed-b901-d38fc690c2bc","f8e51e74-8ffd-4333-90bc-21958fcc0fde","01107328-8a18-4bfb-a962-b7ad9a3f36a1","40ebe907-9b94-470e-9de7-7c0c3cfb4663","64f41085-8558-4042-8c68-5e92c42d326f","product-sections__main-2"],"settings":{"product_breadcrumb":false,"padding_top":20,"padding_bottom":0,"css_class":"","custom_css":""}},"16029610362f64ccde":{"type":"index__gallery","disabled":true,"blocks":{"16029610362f64ccde-0":{"type":"image","settings":{"image":"shopify:\/\/shop_images\/3760325-aip_low_res.jpg","link":"shopify:\/\/products\/long_sleeve_reversible_shirt_jacket__american_indian_"}},"16029610362f64ccde-1":{"type":"image","settings":{"image":"shopify:\/\/shop_images\/indigo_buffalo.jpg","link":"shopify:\/\/products\/indigo-buffalo-flannel-buffalo-indigo"}},"16029610362f64ccde-2":{"type":"image","settings":{"image":"shopify:\/\/shop_images\/painted_desert_f61e82a4-f080-469f-846e-46091bbe354b.jpg","link":"shopify:\/\/products\/airotec-performance-stretch-flannel-shirt-painted-desert-stripe"}},"16029610362f64ccde-3":{"type":"image","settings":{"image":"shopify:\/\/shop_images\/henley_fc13f305-c3b6-45af-bc4e-5ec6c931f194.jpg","link":"shopify:\/\/products\/airotec-performance-stretch-waffle-henley-med-grey-heather-navy-blazer"}}},"block_order":["16029610362f64ccde-0","16029610362f64ccde-1","16029610362f64ccde-2","16029610362f64ccde-3"],"settings":{"gallery_type":"classic","crop_images":false,"images_per_row":4,"enable_lightbox":true,"overlay_color":"#000000","link_color":"#ffffff","width":"standard","show_gutter":true,"padding_top":20,"padding_bottom":20,"animation":"none","css_class":"","custom_css":""}},"popup":{"type":"popup","settings":{"show_close_icon":true,"show_popup_on_mobile":true,"display_border":false,"border_color":"#cccccc","border_width":10,"newsletter_title":"Get Exclusive Offers and More!","newsletter_text":"<p>Sign up and get 15% off your first order. <\/p>","newsletter_section_text_align":"center","text_color":"#000059","background_color":"#ffffff","show_signup_form":true,"display_first_name":false,"display_last_name":false,"image":"shopify:\/\/shop_images\/grey_berber_vest.jpg","image_cropping":"none","image_position":"left","overlay_color":"#ffffff","overlay_background_opacity":80,"popup_delay":2,"popup_days_to_hide":"30","animation":"none","css_class":"","custom_css":""}},"cart__banner":{"type":"cart__banner","settings":{"show_banner":false,"image_darken":false,"subtitle":"Subheading","width":"wide","banner_height":"medium","padding_top":0,"padding_bottom":0,"css_class":"","custom_css":""}},"cart__main":{"type":"cart__main","blocks":{"1531cf41-6350-462e-a40f-d834af095308":{"type":"text","settings":{"title":"BUY MORE, SAVE MORE!","heading_font":"open_sans_n4","heading_color":"#c70000","heading_alignment":"center","heading_size":30,"text":"<p>20% off $100 or more <strong>HOLIDAY20<\/strong><\/p><p>30% off $250 or more <strong>HOLIDAY30<\/strong><\/p><p>50% off $500 or more <strong>HOLIDAY50<\/strong><br\/><\/p>","text_font":"open_sans_n4","text_color":"#000000","text_alignment":"center","text_size":24,"columns":1,"button_label":"","button_alignment":"center","button_style":"button--primary","background":"#eeeeee","gradient":"rgba(0,0,0,0)","gradient_rotation":0,"width":"half","padding_top":0,"padding_bottom":25,"padding_left":0,"padding_right":0,"animation":"none"}}},"block_order":["1531cf41-6350-462e-a40f-d834af095308"],"settings":{"display_product_quantity_cart":true,"display_savings":true,"cart_message":"","width":"standard","padding_top":40,"padding_bottom":40,"css_class":"","custom_css":""}},"page-details-2":{"type":"page-details-2","blocks":{"page-details-2-0":{"type":"image_with_overlay","settings":{"image":"shopify:\/\/shop_images\/natural-forest-collapse.jpg","pretext":"<p>Tailor Vintage<\/p>","title":"SUSTAINABILITY","subtitle":"","pretext_color":"#000000","heading_color":"#000000","subheading_color":"#000000","text_alignment":"center","text_horizontal_position":"center","text_vertical_position":"middle","background_color":"#ffffff","background_opacity":77,"border_color":"#ffffff","border_width":0,"text_width":40,"button_1":"","button_1_style":"button--secondary","button_2":"","button_2_style":"button--secondary","mobile_image_crop":"center","mobile_text_below_image":true,"pretext_color_mobile":"rgba(0,0,0,0)","heading_color_mobile":"rgba(0,0,0,0)","subheading_color_mobile":"rgba(0,0,0,0)","width":"wide","padding_top":0,"padding_bottom":0,"padding_left":0,"padding_right":0,"animation":"none"}},"page-details-2-2":{"type":"rich_text","settings":{"title":"Our Vision","heading_font":"open_sans_n4","heading_color":"rgba(0,0,0,0)","heading_alignment":"center","heading_size":30,"text":"<p>The founders vision is to build Tailor Vintage into a brand respected across the globe for a deep and unrelenting commitment to leverage material science and textile engineering to create the highest quality sportswear in the world while ensuring minimal carbon footprint.<\/p>","text_font":"open_sans_n4","text_color":"rgba(0,0,0,0)","text_alignment":"left","text_size":14,"columns":1,"button_label":"","button_alignment":"center","button_style":"button--primary","background":"#eeeeee","gradient":"rgba(0,0,0,0)","gradient_rotation":180,"width":"wide","padding_top":20,"padding_bottom":0,"padding_left":0,"padding_right":0,"animation":"none"}},"a410c982-f5ee-446f-9751-0b717ea770cf":{"type":"image_with_text","settings":{"image_position":"left","image":"shopify:\/\/shop_images\/navy_apres.jpg","image_crop":"none","title":"We believe fashion, performance and sustainability can live together.","heading_size":"regular","text":"<p>Our <strong><em>AIROTEC<\/em><\/strong><em>®<\/em><strong><em> <\/em><\/strong> and <strong>Puretec cool<\/strong>™ technology on performance cotton-based fabrics represents years of collaboration, diligent innovation, new technology and most importantly, a sustainable and high-performing alternative to the standard while staying true to our legacy of timeless, classic styles.<\/p>","button_label":"","button_style":"button--primary","alignment":"left","vertical_position":"center","background":"rgba(0,0,0,0)","text_color":"rgba(0,0,0,0)","width":"standard","show_gutter":true,"padding_top":20,"padding_bottom":20,"animation":"none"}},"b3f5c0d4-efdb-494d-a8a5-dd379c431746":{"type":"image_with_text","settings":{"image_position":"right","image":"shopify:\/\/shop_images\/SUSTAINABILITY_WORLD-revised.jpg","image_crop":"none","title":"TAILOR VINTAGE = RESPONSIBLE CLOTHING","heading_size":"regular","text":"<p>In today’s global global economy the protection of the environment is a key component of any sustainable business plan. Reversing, Global warming, climate change, damage to the ozone layer and the loss of biodiversity is the responsibility of business today. Tailor Vintage produces with some of the world’s leading LEED factories and strives to move more towards that direction. We use Bluesign approved chemical finish on our performance apparel to ensure it&#x27;s environmentally friendly.<\/p>","button_label":"","button_style":"button--primary","alignment":"left","vertical_position":"center","background":"rgba(0,0,0,0)","text_color":"rgba(0,0,0,0)","width":"standard","show_gutter":true,"padding_top":20,"padding_bottom":20,"animation":"none"}}},"block_order":["page-details-2-0","page-details-2-2","a410c982-f5ee-446f-9751-0b717ea770cf","b3f5c0d4-efdb-494d-a8a5-dd379c431746"],"settings":{"css_class":"","custom_css":""}},"mask_collection":{"type":"mask_collection","settings":{"collection_breadcrumb":false,"collection_tags":false,"collection_sort":true,"show_promo_banner":false,"image_darken":true,"promo_title":"Special sale on now!","promo_text":"<p>Description of promotion with lots of details.<\/p>","banner_height":"medium","align_height":false,"collection_height":200,"products_per_row":3,"mobile_products_per_row":"1","pagination_limit":48,"pagination_type":"basic_pagination","width":"standard","padding_top":40,"padding_bottom":40,"css_class":"","custom_css":""}},"404__banner":{"type":"404__banner","settings":{"show_banner":false,"image_darken":false,"width":"wide","banner_height":"medium","padding_top":0,"padding_bottom":0,"css_class":"","custom_css":""}},"404__main":{"type":"404__main","settings":{"not_found_text":"<p>We&#x27;re sorry, but the page you requested could not be found.<\/p><p>Try searching or <a href=\"{{ routes.all_products_collection_url }}\">continue shopping<\/a>.<\/p>","display_search_field":true,"width":"standard","padding_top":40,"padding_bottom":40,"css_class":"","custom_css":""}},"16039418091ad46774":{"type":"index__gallery","blocks":{"16039418091ad46774-0":{"type":"image","settings":{"image":"shopify:\/\/shop_images\/60013S4089-INA_26ffa368-bc2d-4d71-9636-67f66621fa4b.jpg","link":"shopify:\/\/products\/puretec-cool-nanofiber-fiber-filter-mask-3-packindigo-apres-plaid-navy-gray"}},"16039418091ad46774-1":{"type":"image","settings":{"image":"shopify:\/\/shop_images\/RED_PLAID_GAITER.jpg","link":"https:\/\/tailorvintage.com\/collections\/neck-gaiter\/products\/puretec-cool-gaiter-tibetan-red-black-buffalo"}},"16039418091ad46774-3":{"type":"image","settings":{"image":"shopify:\/\/shop_images\/60013S4088-RET_8f2e62d3-b0db-40eb-940d-f7c1242ceb8e.jpg","link":"shopify:\/\/products\/puretec-cool-nanofiber-fiber-filter-mask-3-packred-trail-ombre-plaid-navy-gray"}},"df1c762f-466a-4794-a84b-35aecf1b2518":{"type":"image","settings":{"image":"shopify:\/\/shop_images\/NVY_PLAID-GAITER.jpg","link":"https:\/\/tailorvintage.com\/collections\/neck-gaiter\/products\/puretec-cool-gaiter-blue-quartz-navy-buffalo"}}},"block_order":["16039418091ad46774-0","16039418091ad46774-1","16039418091ad46774-3","df1c762f-466a-4794-a84b-35aecf1b2518"],"settings":{"gallery_type":"classic","crop_images":false,"images_per_row":4,"enable_lightbox":false,"overlay_color":"rgba(0,0,0,0)","link_color":"rgba(0,0,0,0)","width":"standard","show_gutter":false,"padding_top":12,"padding_bottom":0,"animation":"none","css_class":"","custom_css":""}},"page-gallery__banner":{"type":"page-gallery__banner","settings":{"show_banner":false,"image_darken":false,"subtitle":"Subheading","width":"wide","banner_height":"medium","padding_top":0,"padding_bottom":0,"css_class":"","custom_css":""}},"page-gallery__main":{"type":"page-gallery__main","blocks":{"page-gallery__main-0":{"type":"image","settings":{"image":"shopify:\/\/shop_images\/army_heritage_2.jpg","link":"https:\/\/tailorvintage.com\/collections\/shop-the-look\/LOOK-1"}},"page-gallery__main-1":{"type":"image","settings":{"image":"shopify:\/\/shop_images\/canvas_jkt_2.jpg","link":"https:\/\/tailorvintage.com\/collections\/shop-the-look\/LOOK-2"}},"page-gallery__main-2":{"type":"image","settings":{"image":"shopify:\/\/shop_images\/indigo_painted_desert_2.jpg","link":"https:\/\/tailorvintage.com\/collections\/shop-the-look\/LOOK-3"}}},"block_order":["page-gallery__main-0","page-gallery__main-1","page-gallery__main-2"],"settings":{"gallery_type":"classic","crop_images":false,"images_per_row":3,"enable_lightbox":true,"overlay_color":"#000000","link_color":"#FFFFFF","width":"standard","show_gutter":true,"padding_top":40,"padding_bottom":40,"css_class":"","custom_css":""}},"page-details-3":{"type":"page-details-3","blocks":{"e1d8a159-590f-4f57-800e-84ef9ea87c71":{"type":"rich_text","settings":{"title":"Shop the Look","heading_font":"itc_bodoni_seventytwo_n4","heading_color":"rgba(0,0,0,0)","heading_alignment":"center","heading_size":30,"text":"","text_font":"open_sans_n4","text_color":"rgba(0,0,0,0)","text_alignment":"left","text_size":14,"columns":2,"button_label":"","button_alignment":"center","button_style":"button--primary","background":"#ffffff","gradient":"#ffffff","gradient_rotation":180,"width":"wide","padding_top":15,"padding_bottom":0,"padding_left":0,"padding_right":0,"animation":"none"}},"5249c411-46cc-4ace-bc1d-b1e183ea9115":{"type":"gallery","settings":{"image1":"shopify:\/\/shop_images\/ARMY_GRID.jpg","link1":"https:\/\/tailorvintage.com\/collections\/shop-the-look\/GRID-1","hide1":false,"image2":"shopify:\/\/shop_images\/ARMY_HERITAGE_GRID.jpg","link2":"https:\/\/tailorvintage.com\/collections\/shop-the-look\/GRID-2","hide2":false,"image3":"shopify:\/\/shop_images\/FOREST_NIGHT_MULTI_BUFFALO.jpg","link3":"https:\/\/tailorvintage.com\/collections\/shop-the-look\/GRID-3","hide3":false,"hide4":true,"hide5":true,"gallery_type":"classic","crop_images":false,"hide_icons":true,"images_per_row":4,"enable_lightbox":false,"overlay_color":"#000000","link_color":"#ffffff","width":"standard","show_gutter":true,"padding_top":20,"padding_bottom":20,"animation":"none"}},"d8bed99b-544d-4f9e-986b-88140d4e835c":{"type":"gallery","settings":{"image1":"shopify:\/\/shop_images\/RED_BUFFALO_GRID.jpg","link1":"https:\/\/tailorvintage.com\/collections\/shop-the-look\/GRID-4","hide1":false,"image2":"shopify:\/\/shop_images\/DESERT_STRIPE_7fe9d120-75bf-43e0-94bf-b118e9e5674e.jpg","link2":"https:\/\/tailorvintage.com\/collections\/shop-the-look\/GRID-5","hide2":false,"image3":"shopify:\/\/shop_images\/Untitled_design_38.png","link3":"https:\/\/tailorvintage.com\/collections\/shop-the-look\/GRID-6","hide3":false,"hide4":true,"hide5":true,"gallery_type":"classic","crop_images":false,"hide_icons":true,"images_per_row":4,"enable_lightbox":false,"overlay_color":"#000000","link_color":"#ffffff","width":"standard","show_gutter":true,"padding_top":20,"padding_bottom":20,"animation":"none"}},"b5b23fb6-81f3-4ea5-832f-20139cc9a453":{"type":"gallery","settings":{"image1":"shopify:\/\/shop_images\/retrieve_image.png","link1":"https:\/\/tailorvintage.com\/collections\/shop-the-look\/GRID-7","hide1":false,"image2":"shopify:\/\/shop_images\/LOUNGER.jpg","link2":"https:\/\/tailorvintage.com\/collections\/shop-the-look\/GRID-8","hide2":false,"image3":"shopify:\/\/shop_images\/NIGHT_OWL.jpg","link3":"https:\/\/tailorvintage.com\/collections\/shop-the-look\/GRID-9","hide3":false,"hide4":true,"hide5":true,"gallery_type":"classic","crop_images":false,"hide_icons":true,"images_per_row":4,"enable_lightbox":false,"overlay_color":"#000000","link_color":"#ffffff","width":"standard","show_gutter":true,"padding_top":20,"padding_bottom":20,"animation":"none"}},"c74a3cea-466d-4b90-82b1-51f114a78358":{"type":"gallery","settings":{"image1":"shopify:\/\/shop_images\/army_heritage_2_portrait.jpg","link1":"https:\/\/tailorvintage.com\/collections\/shop-the-look\/LOOK-1?ose=false","hide1":false,"image2":"shopify:\/\/shop_images\/canvas_jkt_portrait.jpg","link2":"https:\/\/tailorvintage.com\/collections\/shop-the-look\/LOOK-2?ose=false","hide2":false,"image3":"shopify:\/\/shop_images\/indigo_painted_desert_portrait.jpg","link3":"https:\/\/tailorvintage.com\/collections\/shop-the-look\/LOOK-3?ose=false","hide3":false,"hide4":true,"hide5":true,"gallery_type":"classic","crop_images":false,"hide_icons":true,"images_per_row":4,"enable_lightbox":false,"overlay_color":"#000000","link_color":"#ffffff","width":"standard","show_gutter":true,"padding_top":20,"padding_bottom":20,"animation":"none"}},"da25dd3e-c452-471f-b03e-49aaea9289be":{"type":"gallery","settings":{"image1":"shopify:\/\/shop_images\/AIP_1a420f75-da52-4ac3-9605-6aca170be7d0.jpg","link1":"https:\/\/tailorvintage.com\/collections\/shop-the-look\/LOOK-4?ose=false","hide1":false,"image2":"shopify:\/\/shop_images\/painted_desert_b38cf989-6ae4-4854-ba17-f7e837abd51b.jpg","link2":"https:\/\/tailorvintage.com\/collections\/shop-the-look\/LOOK-5?ose=false","hide2":false,"image3":"shopify:\/\/shop_images\/red_ombre_tim.jpg","link3":"https:\/\/tailorvintage.com\/collections\/shop-the-look\/LOOK-6?ose=false","hide3":false,"hide4":true,"hide5":true,"gallery_type":"classic","crop_images":false,"hide_icons":true,"images_per_row":4,"enable_lightbox":false,"overlay_color":"#000000","link_color":"#ffffff","width":"standard","show_gutter":true,"padding_top":0,"padding_bottom":20,"animation":"none"}},"aa0dc91b-7fec-459f-8f14-e62cf1c00743":{"type":"gallery","settings":{"image1":"shopify:\/\/shop_images\/navy_canvas_jacket.jpg","link1":"https:\/\/tailorvintage.com\/collections\/shop-the-look\/LOOK-7","hide1":false,"image2":"shopify:\/\/shop_images\/indigo_buffalo_92616b50-f00f-4f6c-9490-dc681c1ca978.jpg","link2":"https:\/\/tailorvintage.com\/collections\/shop-the-look\/LOOK-8","hide2":false,"image3":"shopify:\/\/shop_images\/indigo_apres.jpg","link3":"https:\/\/tailorvintage.com\/collections\/shop-the-look\/LOOK-9","hide3":false,"hide4":true,"hide5":true,"gallery_type":"classic","crop_images":false,"hide_icons":true,"images_per_row":4,"enable_lightbox":false,"overlay_color":"#000000","link_color":"#ffffff","width":"standard","show_gutter":true,"padding_top":20,"padding_bottom":20,"animation":"none"}},"196607a9-ea44-4fc2-8918-5671566b0051":{"type":"gallery","settings":{"image1":"shopify:\/\/shop_images\/dark_sahdow_berber_full_zip.jpg","link1":"https:\/\/tailorvintage.com\/collections\/shop-the-look\/LOOK-10","hide1":false,"image2":"shopify:\/\/shop_images\/APRES.jpg","link2":"https:\/\/tailorvintage.com\/collections\/shop-the-look\/LOOK-11","hide2":false,"image3":"shopify:\/\/shop_images\/indigo_apres_4.jpg","link3":"https:\/\/tailorvintage.com\/collections\/shop-the-look\/LOOK-12","hide3":false,"hide4":true,"hide5":true,"gallery_type":"classic","crop_images":false,"hide_icons":true,"images_per_row":4,"enable_lightbox":false,"overlay_color":"#000000","link_color":"#ffffff","width":"standard","show_gutter":true,"padding_top":20,"padding_bottom":20,"animation":"none"}},"19b0a93a-8209-4503-9da4-45e434838d86":{"type":"gallery","settings":{"image1":"shopify:\/\/shop_images\/waffle_henley.jpg","link1":"https:\/\/tailorvintage.com\/collections\/shop-the-look\/LOOK-13","hide1":false,"image2":"shopify:\/\/shop_images\/navy_berber_jacket.jpg","link2":"https:\/\/tailorvintage.com\/collections\/shop-the-look\/LOOK-14","hide2":false,"image3":"shopify:\/\/shop_images\/cable_sweater_59106385-a731-4959-acae-fc2801f60cfa.jpg","link3":"https:\/\/tailorvintage.com\/collections\/shop-the-look\/LOOK-15","hide3":false,"hide4":true,"hide5":true,"gallery_type":"classic","crop_images":false,"hide_icons":true,"images_per_row":4,"enable_lightbox":false,"overlay_color":"#000000","link_color":"#ffffff","width":"standard","show_gutter":true,"padding_top":20,"padding_bottom":20,"animation":"none"}},"4e00f805-4331-459e-b38d-cdb4f72eb8ac":{"type":"gallery","settings":{"image1":"shopify:\/\/shop_images\/grey_berber_vest.jpg","link1":"https:\/\/tailorvintage.com\/collections\/shop-the-look\/LOOK-16","hide1":false,"image2":"shopify:\/\/shop_images\/pine.jpg","link2":"https:\/\/tailorvintage.com\/collections\/shop-the-look\/LOOK-17","hide2":false,"image3":"shopify:\/\/shop_images\/red_trail_ombre.jpg","link3":"https:\/\/tailorvintage.com\/collections\/shop-the-look\/LOOK-18","hide3":false,"hide4":true,"hide5":true,"gallery_type":"classic","crop_images":false,"hide_icons":true,"images_per_row":4,"enable_lightbox":false,"overlay_color":"#000000","link_color":"#ffffff","width":"standard","show_gutter":true,"padding_top":20,"padding_bottom":20,"animation":"none"}},"56c5caad-cfc9-4476-9427-cf050a7a062d":{"type":"gallery","settings":{"image1":"shopify:\/\/shop_images\/BLUE_GREY_PLAID.jpg","link1":"https:\/\/tailorvintage.com\/collections\/shop-the-look\/LOOK-19","hide1":false,"image2":"shopify:\/\/shop_images\/navy_apres_4.jpg","link2":"https:\/\/tailorvintage.com\/collections\/shop-the-look\/LOOK-20","hide2":false,"image3":"shopify:\/\/shop_images\/sconset_2.jpg","link3":"https:\/\/tailorvintage.com\/collections\/shop-the-look\/LOOK-21","hide3":false,"hide4":true,"hide5":true,"gallery_type":"classic","crop_images":false,"hide_icons":true,"images_per_row":4,"enable_lightbox":false,"overlay_color":"#000000","link_color":"#ffffff","width":"standard","show_gutter":true,"padding_top":20,"padding_bottom":20,"animation":"none"}}},"block_order":["e1d8a159-590f-4f57-800e-84ef9ea87c71","5249c411-46cc-4ace-bc1d-b1e183ea9115","d8bed99b-544d-4f9e-986b-88140d4e835c","b5b23fb6-81f3-4ea5-832f-20139cc9a453","c74a3cea-466d-4b90-82b1-51f114a78358","da25dd3e-c452-471f-b03e-49aaea9289be","aa0dc91b-7fec-459f-8f14-e62cf1c00743","196607a9-ea44-4fc2-8918-5671566b0051","19b0a93a-8209-4503-9da4-45e434838d86","4e00f805-4331-459e-b38d-cdb4f72eb8ac","56c5caad-cfc9-4476-9427-cf050a7a062d"],"settings":{"css_class":"","custom_css":""}},"16045876138f06038e":{"type":"index__html","disabled":true,"settings":{"html_content":"<div class=\"container is-flex is-justify-center\"><h2 class=\"title\">Check Out Our Instagram<\/h2><\/div><br>\n<covet-pics-widget gallery-embed-id=\"152688\"><\/covet-pics-widget>","width":"standard","padding_top":20,"padding_bottom":20,"padding_left":0,"padding_right":0,"animation":"none","css_class":"","custom_css":""}},"16048708985321e56c":{"type":"index__video","disabled":true,"settings":{"aspect_ratio":"16:9","autoplay":true,"autoloop":true,"mute_video":false,"controls":true,"iframe_video":"https:\/\/youtu.be\/C34yFE3VhCE","html5_video":"","pretext":"","title":"","subtitle":"","pretext_color":"#000000","heading_color":"#000000","subheading_color":"#000000","horizontal_text_position":"center","vertical_text_position":"center","text_align":"center","button_label":"","button_style":"button--secondary","overlay_style":"text_only","video_overlay_color":"#ffffff","gradient":"rgba(0,0,0,0)","gradient_rotation":180,"background_opacity":77,"text_width":70,"mobile_text_below_video":true,"pretext_color_mobile":"rgba(0,0,0,0)","heading_color_mobile":"rgba(0,0,0,0)","subheading_color_mobile":"rgba(0,0,0,0)","width":"standard","padding_top":2,"padding_bottom":8,"padding_left":0,"padding_right":0,"animation":"none","css_class":"","custom_css":""}},"16052921945a9aa22f":{"type":"index__image-with-text-overlay","disabled":true,"settings":{"image":"shopify:\/\/shop_images\/cyber_sale_mailer.jpg","mobile_image":"shopify:\/\/shop_images\/cyber_sale_mobile_98610160-c850-49d6-8f81-061ac7914232.jpg","pretext":"","title":"","subtitle":"","pretext_color":"#000000","heading_color":"#000000","subheading_color":"#000000","text_alignment":"center","text_horizontal_position":"center","text_vertical_position":"middle","background_color":"#ffffff","background_opacity":100,"border_color":"#ffffff","border_width":0,"text_width":40,"button_1":"","button_1_style":"button--secondary","button_2":"","button_2_style":"button--secondary","button_3":"Button 3","button_3_style":"button--secondary","mobile_image_crop":"none","mobile_text_below_image":true,"pretext_color_mobile":"rgba(0,0,0,0)","heading_color_mobile":"rgba(0,0,0,0)","subheading_color_mobile":"rgba(0,0,0,0)","width":"standard","padding_top":0,"padding_bottom":0,"padding_left":0,"padding_right":0,"animation":"none","css_class":"","custom_css":""}},"16053890072c60bc01":{"type":"index__image-with-text-overlay","disabled":true,"settings":{"image":"shopify:\/\/shop_images\/pine_dfd8bffa-7f5f-40de-beb1-c1e0293172c1.jpg","pretext":"<p>THE HOLIDAY<\/p>","title":"GIFT GUIDE","subtitle":"<p>Give the GIft of Tailor Vintage<\/p>","pretext_color":"#ffffff","heading_color":"#c70000","subheading_color":"#ffffff","text_alignment":"center","text_horizontal_position":"center","text_vertical_position":"middle","background_color":"#ffffff","background_opacity":0,"border_color":"#ffffff","border_width":0,"text_width":48,"button_1":"SHOP GIFTS UNDER $50","button_1_link":"shopify:\/\/collections\/gifts-under-50","button_1_style":"button--tertiary","button_2":"SHOP GIFTS UNDER $100","button_2_link":"shopify:\/\/collections\/gifts-under-100","button_2_style":"button--tertiary","button_3":"SHOP GIFTS UNDER $150","button_3_link":"shopify:\/\/collections\/gifts-under-150","button_3_style":"button--tertiary","mobile_image_crop":"none","mobile_text_below_image":true,"pretext_color_mobile":"rgba(0,0,0,0)","heading_color_mobile":"rgba(0,0,0,0)","subheading_color_mobile":"rgba(0,0,0,0)","width":"standard","padding_top":10,"padding_bottom":0,"padding_left":0,"padding_right":0,"animation":"none","css_class":"","custom_css":""}},"16054012856a7f228f":{"type":"index__collection-list","blocks":{"16054012856a7f228f-0":{"type":"collection","settings":{"feature_collection":"gifts-under-50","image":"shopify:\/\/shop_images\/giphy_10.gif","title":"","button_label":"VIEW PRODUCTS"}},"16054012856a7f228f-1":{"type":"collection","settings":{"feature_collection":"gifts-under-100","image":"shopify:\/\/shop_images\/giphy_9.gif","title":"","button_label":"View products"}},"16054012856a7f228f-2":{"type":"collection","settings":{"feature_collection":"gifts-under-150","image":"shopify:\/\/shop_images\/giphy_8.gif","title":"","button_label":"View products"}}},"block_order":["16054012856a7f228f-0","16054012856a7f228f-1","16054012856a7f228f-2"],"settings":{"collections_per_row":3,"align_height":false,"collection_height":400,"button_style":"button--secondary","overlay_background":"#939393","overlay_background_opacity":0,"overlay_text":"#ffffff","collection_title_below_image":true,"width":"standard","show_gutter":true,"padding_top":7,"padding_bottom":1,"animation":"none","css_class":"","custom_css":""}},"1605403708298f8eff":{"type":"index__image-with-text-overlay","settings":{"link":"shopify:\/\/collections\/gifts","image":"shopify:\/\/shop_images\/Gift_white_d9a1d042-3217-4ecc-bd3f-afdf9717ba0b.jpg","mobile_image":"shopify:\/\/shop_images\/gift_white_mobile_f0f66b15-a632-4583-9af7-fc866737c5e5.jpg","pretext":"","title":"","subtitle":"","pretext_color":"#000000","heading_color":"#000000","subheading_color":"#000000","text_alignment":"center","text_horizontal_position":"center","text_vertical_position":"middle","background_color":"#ffffff","background_opacity":0,"border_color":"#ffffff","border_width":0,"text_width":40,"button_1":"","button_1_style":"button--secondary","button_2":"","button_2_style":"button--secondary","button_3":"","button_3_style":"button--secondary","mobile_image_crop":"none","mobile_text_below_image":true,"pretext_color_mobile":"rgba(0,0,0,0)","heading_color_mobile":"rgba(0,0,0,0)","subheading_color_mobile":"rgba(0,0,0,0)","width":"standard","padding_top":10,"padding_bottom":0,"padding_left":0,"padding_right":0,"animation":"none","css_class":"","custom_css":""}},"page-contact__banner":{"type":"page-contact__banner","settings":{"show_banner":false,"image_darken":false,"subtitle":"Subheading","width":"wide","banner_height":"medium","padding_top":0,"padding_bottom":0,"css_class":"","custom_css":""}},"page-contact__main":{"type":"page-contact__main","blocks":{"page-contact__main-0":{"type":"textfield","settings":{"label":"Name","required":true}},"page-contact__main-1":{"type":"email","settings":{"label":"Email"}},"0b75c70e-2553-4a5a-82cc-a8ba3840055a":{"type":"textfield","settings":{"label":"Order Number","required":false}},"page-contact__main-2":{"type":"textarea","settings":{"label":"Message","required":true}}},"block_order":["page-contact__main-0","page-contact__main-1","0b75c70e-2553-4a5a-82cc-a8ba3840055a","page-contact__main-2"],"settings":{"title":"Get in touch today","content_text":"<p>Please leave any concerns here<\/p>","social_enable":true,"text_alignment":"left","background":"#e5e5e5","text_color":"#000000","form_position":"right","width":"standard","padding_top":40,"padding_bottom":40,"css_class":"","custom_css":""}},"page-contact__sections":{"type":"page-contact__sections","blocks":{"page-contact__sections-0":{"type":"rich_text","settings":{"title":"COME VISIT OUR NEW STORE AT THE SONO COLLECTION MALL","heading_font":"open_sans_n4","heading_color":"rgba(0,0,0,0)","heading_alignment":"left","heading_size":30,"text":"<p>Location: Sono Collection Mall 100 N Water St, Norwalk, CT 06854<\/p><p><\/p><p>Hours of Operation: <\/p><p>Mon-Sat: 11am-6pm <\/p><p>Sunday: 12pm-5pm<\/p>","text_font":"open_sans_n4","text_color":"rgba(0,0,0,0)","text_alignment":"left","text_size":14,"columns":1,"button_label":"","button_alignment":"center","button_style":"button--primary","background":"#eeeeee","gradient":"#c0c0c0","gradient_rotation":180,"width":"half","padding_top":0,"padding_bottom":0,"padding_left":0,"padding_right":0,"animation":"none"}},"729c9299-8fc3-49f2-b4b1-43ddf2c5813f":{"type":"image_with_overlay","settings":{"image":"shopify:\/\/shop_images\/Screen_Shot_2020-11-17_at_12.21.24_PM.png","pretext":"","title":"","subtitle":"","pretext_color":"#000000","heading_color":"#000000","subheading_color":"#000000","text_alignment":"center","text_horizontal_position":"center","text_vertical_position":"middle","background_color":"#ffffff","background_opacity":77,"border_color":"#ffffff","border_width":0,"text_width":40,"button_style":"button--secondary","button_1":"","button_2":"","mobile_image_crop":"none","mobile_text_below_image":true,"pretext_color_mobile":"rgba(0,0,0,0)","heading_color_mobile":"rgba(0,0,0,0)","subheading_color_mobile":"rgba(0,0,0,0)","width":"half","padding_top":0,"padding_bottom":0,"animation":"none"}}},"block_order":["page-contact__sections-0","729c9299-8fc3-49f2-b4b1-43ddf2c5813f"],"settings":{}},"160609481410c61656":{"type":"index__video-autoplay","settings":{"video_ap":"https:\/\/cdn.shopify.com\/s\/files\/1\/0864\/3042\/files\/NAVY_APRES_11-22.mp4?v=1606094731"}},"mega-menu-8":{"type":"mega-menu-8","blocks":{"mega-menu-8-0":{"type":"menu","settings":{"menu_1":"masks-gaiters","menu_1_link":"https:\/\/tailorvintage.com\/collections\/masks-gaiters"}},"6d1296a9-93b5-4bf7-b207-2e2e507a9387":{"type":"image","settings":{"image":"shopify:\/\/shop_images\/60013S4088-RET_8f2e62d3-b0db-40eb-940d-f7c1242ceb8e.jpg","image_link":"shopify:\/\/collections\/masks-1","image_caption":"<p>PUREtec cool® Nanofiber Fiber Filter Mask<\/p>"}},"5e283483-d802-4e54-9046-cf9fae720e1c":{"type":"image","settings":{"image":"shopify:\/\/shop_images\/NVY_PLAID-side.jpg","image_link":"shopify:\/\/collections\/neck-gaiter","image_caption":"<p>Puretec cool® Antimicrobial Neck Gaiter with Nanofiber Filter <\/p>"}}},"block_order":["mega-menu-8-0","6d1296a9-93b5-4bf7-b207-2e2e507a9387","5e283483-d802-4e54-9046-cf9fae720e1c"],"settings":{"parent_link":"masks & gaiters","enable_mega_menu_border":false,"mega_menu_background_color":"#f6f6f6","mega_menu_text_color":"#404040","show_mega_bottom_bar":false,"mega_bottom_bar_icon":"","mega_bottom_bar_text":"Add your deal, information or promotional text","size":"regular","bottom_banner_bg":"#007ace","bottom_banner_text":"#efefef","css_class":"","custom_css":""}},"product_gaiter":{"type":"product_gaiter","blocks":{"product_gaiter-1":{"type":"product_gallery","settings":{"display_thumbnails":true,"gallery_arrows":true,"enable_zoom":true,"enable_product_lightbox":true,"slideshow_speed":0,"slideshow_transition":"slide","thumbnail_position":"bottom-thumbnails","enable_thumbnail_slider":true,"set_product_height":false,"product_height":360,"video_looping":false,"width":"half","padding_top":0,"padding_bottom":0,"padding_left":0,"padding_right":0,"animation":"none"}},"product_gaiter-0":{"type":"product_info","settings":{"display_vendor":false,"display_sku":true,"enable_shopify_product_badges":false,"display_savings":true,"display_collections":false,"display_type":false,"display_tags":false,"display_social_buttons":true,"product_description_position":"top","show_payment_button":true,"width":"half","padding_top":20,"padding_bottom":20,"padding_left":17,"padding_right":10,"animation":"none"}},"product_gaiter-2":{"type":"recommended_products","settings":{"width":"wide","padding_top":20,"padding_bottom":20,"animation":"none"}}},"block_order":["product_gaiter-1","product_gaiter-0","product_gaiter-2"],"settings":{"product_breadcrumb":false,"padding_top":20,"padding_bottom":0,"css_class":"","custom_css":""}},"1606937112f632c951":{"type":"instafeed","settings":{"heading_font":"monotype_news_gothic_n4","heading_size":18,"feed_width":100,"html_area":""}},"product_airotec_jersey":{"type":"product_airotec_jersey","blocks":{"6b78108e-bb7f-465f-9e06-fb2a796fa235":{"type":"image_with_overlay","settings":{"image":"shopify:\/\/shop_images\/airotec_heading_narrow-white_c60c265d-6a4d-4a56-82f9-0dc2729dbe0c.jpg","pretext":"","title":"","subtitle":"","pretext_color":"#000000","heading_color":"#000000","subheading_color":"#000000","text_alignment":"center","text_horizontal_position":"center","text_vertical_position":"middle","background_color":"#FFFFFF","background_opacity":100,"border_color":"#FFFFFF","border_width":0,"text_width":40,"button_1":"","button_1_style":"button--secondary","button_2":"","button_2_style":"button--secondary","mobile_image_crop":"none","mobile_text_below_image":true,"pretext_color_mobile":"rgba(0,0,0,0)","heading_color_mobile":"rgba(0,0,0,0)","subheading_color_mobile":"rgba(0,0,0,0)","width":"standard","padding_top":0,"padding_bottom":0,"padding_left":0,"padding_right":0,"animation":"none"}},"1a0b8ff0-663f-47ec-a0ed-bcb7fa22a135":{"type":"video_autoplay","settings":{"video_ap":"https:\/\/cdn.shopify.com\/s\/files\/1\/0864\/3042\/files\/AIROTEC_JERSEY_copy.mp4?v=1607104631"}},"7f678a58-f4b0-47c9-92cf-fc38f5ed1746":{"type":"image_with_text","settings":{"image_position":"left","image":"shopify:\/\/shop_images\/SYMBOLS_2da614ac-1b04-4daf-850a-e0ee66999d29.jpg","image_crop":"none","title":"AIROTEC+® TECHNOLOGY","heading_size":"large","text":"<p>Airotec+® is the next generation performance finish available in our all natural cotton products. Airotec+® fabric surface has excellent water and oil repellency, while the fabric backside has advance moisture management that is breathable and wicks moisture away to keep skin dry, cool and comfortable.<\/p>","button_label":"","button_style":"button--primary","alignment":"left","vertical_position":"center","background":"rgba(0,0,0,0)","text_color":"rgba(0,0,0,0)","width":"standard","show_gutter":true,"padding_top":8,"padding_bottom":0,"animation":"none"}},"8c198dfb-0af0-4065-b6a6-759762bdc1d0":{"type":"image_with_text","settings":{"image_position":"right","image":"shopify:\/\/shop_images\/SUSTAINABILITY_WORLD-revised_copy_c4f1245a-65bd-4a27-8d48-374648d48e3d.jpg","image_crop":"none","title":"SUSTAINABILITY","heading_size":"large","text":"<p>Airotec® treated garments means less laundry which is better for our environment. Airotec® is PFOA-free, eco friendly and Bluesign® approved for sustainability manufacturing and consumer products.<\/p>","button_label":"","button_style":"button--primary","alignment":"left","vertical_position":"center","background":"rgba(0,0,0,0)","text_color":"rgba(0,0,0,0)","width":"standard","show_gutter":true,"padding_top":0,"padding_bottom":0,"animation":"none"}},"d742e69b-64d4-4ac7-af00-a1c017bd08b7":{"type":"image_with_overlay","settings":{"image":"shopify:\/\/shop_images\/blue_quartz_tee_ba371d36-60d9-4011-a0f7-8642a2774212.jpg","pretext":"","title":"","subtitle":"","pretext_color":"#000000","heading_color":"#000000","subheading_color":"#000000","text_alignment":"center","text_horizontal_position":"center","text_vertical_position":"middle","background_color":"#FFFFFF","background_opacity":100,"border_color":"#FFFFFF","border_width":0,"text_width":40,"button_1":"","button_1_style":"button--secondary","button_2":"","button_2_style":"button--secondary","mobile_image_crop":"none","mobile_text_below_image":true,"pretext_color_mobile":"rgba(0,0,0,0)","heading_color_mobile":"rgba(0,0,0,0)","subheading_color_mobile":"rgba(0,0,0,0)","width":"standard","padding_top":0,"padding_bottom":0,"padding_left":0,"padding_right":0,"animation":"none"}},"product_airotec_jersey-0":{"type":"recommended_products","settings":{"width":"wide","padding_top":20,"padding_bottom":20,"animation":"none"}}},"block_order":["6b78108e-bb7f-465f-9e06-fb2a796fa235","1a0b8ff0-663f-47ec-a0ed-bcb7fa22a135","7f678a58-f4b0-47c9-92cf-fc38f5ed1746","8c198dfb-0af0-4065-b6a6-759762bdc1d0","d742e69b-64d4-4ac7-af00-a1c017bd08b7","product_airotec_jersey-0"],"settings":{"product_breadcrumb":false,"display_thumbnails":true,"gallery_arrows":true,"enable_zoom":true,"enable_product_lightbox":true,"slideshow_speed":0,"slideshow_transition":"slide","thumbnail_position":"bottom-thumbnails","enable_thumbnail_slider":true,"display_vendor":false,"display_sku":false,"enable_shopify_product_badges":false,"display_savings":true,"display_collections":false,"display_type":false,"display_tags":false,"display_social_buttons":true,"product_description_position":"top","show_payment_button":true,"product_images_position":"left","set_product_height":false,"product_height":500,"video_looping":false,"width":"standard","padding_top":20,"padding_bottom":20,"animation":"none","css_class":"","custom_css":""}},"product_airotec_flannel":{"type":"product_airotec_flannel","blocks":{"product_airotec_flannel-1":{"type":"product_gallery","settings":{"display_thumbnails":true,"gallery_arrows":true,"enable_zoom":true,"enable_product_lightbox":true,"slideshow_speed":0,"slideshow_transition":"slide","thumbnail_position":"bottom-thumbnails","enable_thumbnail_slider":true,"set_product_height":false,"product_height":500,"video_looping":false,"width":"half","padding_top":0,"padding_bottom":0,"padding_left":0,"padding_right":0,"animation":"none"}},"product_airotec_flannel-0":{"type":"product_info","settings":{"display_vendor":false,"display_sku":false,"enable_shopify_product_badges":false,"display_savings":true,"display_collections":false,"display_type":false,"display_tags":false,"display_social_buttons":true,"product_description_position":"top","show_payment_button":true,"width":"half","padding_top":0,"padding_bottom":0,"padding_left":0,"padding_right":0,"animation":"none"}},"195c99a9-e328-4891-950e-e124764dcc06":{"type":"image_with_overlay","settings":{"image":"shopify:\/\/shop_images\/airotec_heading_narrow-white_06c4c64f-151d-42ba-8c31-3c60f61c50e8.jpg","pretext":"","title":"","subtitle":"","pretext_color":"#000000","heading_color":"#000000","subheading_color":"#000000","text_alignment":"center","text_horizontal_position":"center","text_vertical_position":"middle","background_color":"#FFFFFF","background_opacity":100,"border_color":"#FFFFFF","border_width":0,"text_width":40,"button_1":"","button_1_style":"button--secondary","button_2":"","button_2_style":"button--secondary","mobile_image_crop":"none","mobile_text_below_image":true,"pretext_color_mobile":"rgba(0,0,0,0)","heading_color_mobile":"rgba(0,0,0,0)","subheading_color_mobile":"rgba(0,0,0,0)","width":"standard","padding_top":0,"padding_bottom":0,"padding_left":0,"padding_right":0,"animation":"none"}},"4201dba9-a7c7-456a-a45b-ad8f370dbb24":{"type":"video_autoplay","settings":{"video_ap":"https:\/\/cdn.shopify.com\/s\/files\/1\/0864\/3042\/files\/AIROTEC_FLANNELS_copy.mp4?v=1607105141"}},"2556f35b-8056-49f1-83e2-c2015a1faa8a":{"type":"image_with_text","settings":{"image_position":"left","image":"shopify:\/\/shop_images\/SYMBOLS_5ab639f9-6d7c-43cc-ac06-5d4843d2e4a1.jpg","image_crop":"none","title":"AIROTEC+® TECHNOLOGY","heading_size":"large","text":"<p>Airotec+® is the next generation performance finish available in our all natural cotton products. Airotec+® fabric surface has excellent water and oil repellency, while the fabric backside has advance moisture management that is breathable and wicks moisture away to keep skin dry, cool and comfortable.<\/p><p>Airotec+® products are cotton-rich, and maintains super soft hand wash after wash.<\/p>","button_label":"","button_style":"button--primary","alignment":"left","vertical_position":"center","background":"rgba(0,0,0,0)","text_color":"rgba(0,0,0,0)","width":"standard","show_gutter":true,"padding_top":9,"padding_bottom":0,"animation":"none"}},"09effbea-e0c3-4b36-a708-66d3b7473444":{"type":"image_with_text","settings":{"image_position":"right","image":"shopify:\/\/shop_images\/SUSTAINABILITY_WORLD-revised_copy_2248653c-7cb1-4f4a-9028-344036bc6261.jpg","image_crop":"none","title":"SUSTAINABILITY","heading_size":"regular","text":"<p>Airotec® treated garments means less laundry which is better for our environment. Airotec® is PFOA-free, eco friendly and Bluesign® approved for sustainability manufacturing and consumer products.<\/p>","button_label":"","button_style":"button--primary","alignment":"left","vertical_position":"center","background":"rgba(0,0,0,0)","text_color":"rgba(0,0,0,0)","width":"standard","show_gutter":true,"padding_top":0,"padding_bottom":9,"animation":"none"}},"f53a8aac-3567-4e70-807f-71b58ae770cf":{"type":"image_with_overlay","settings":{"image":"shopify:\/\/shop_images\/navy_apres_4_7b559ab0-a372-45b8-9cdb-c62d3ea11889.jpg","pretext":"","title":"","subtitle":"","pretext_color":"#000000","heading_color":"#000000","subheading_color":"#000000","text_alignment":"center","text_horizontal_position":"center","text_vertical_position":"middle","background_color":"#FFFFFF","background_opacity":100,"border_color":"#FFFFFF","border_width":0,"text_width":40,"button_1":"","button_1_style":"button--secondary","button_2":"","button_2_style":"button--secondary","mobile_image_crop":"none","mobile_text_below_image":true,"pretext_color_mobile":"rgba(0,0,0,0)","heading_color_mobile":"rgba(0,0,0,0)","subheading_color_mobile":"rgba(0,0,0,0)","width":"standard","padding_top":0,"padding_bottom":0,"padding_left":0,"padding_right":0,"animation":"none"}},"product_airotec_flannel-2":{"type":"recommended_products","settings":{"width":"wide","padding_top":20,"padding_bottom":20,"animation":"none"}}},"block_order":["product_airotec_flannel-1","product_airotec_flannel-0","195c99a9-e328-4891-950e-e124764dcc06","4201dba9-a7c7-456a-a45b-ad8f370dbb24","2556f35b-8056-49f1-83e2-c2015a1faa8a","09effbea-e0c3-4b36-a708-66d3b7473444","f53a8aac-3567-4e70-807f-71b58ae770cf","product_airotec_flannel-2"],"settings":{"product_breadcrumb":false,"padding_top":20,"padding_bottom":0,"css_class":"","custom_css":""}},"product_airotec_bottoms":{"type":"product_airotec_bottoms","blocks":{"product_airotec_bottoms-1":{"type":"product_gallery","settings":{"display_thumbnails":true,"gallery_arrows":true,"enable_zoom":true,"enable_product_lightbox":true,"slideshow_speed":0,"slideshow_transition":"slide","thumbnail_position":"bottom-thumbnails","enable_thumbnail_slider":true,"set_product_height":false,"product_height":500,"video_looping":false,"width":"half","padding_top":0,"padding_bottom":0,"padding_left":0,"padding_right":0,"animation":"none"}},"product_airotec_bottoms-0":{"type":"product_info","settings":{"display_vendor":false,"display_sku":false,"enable_shopify_product_badges":false,"display_savings":true,"display_collections":false,"display_type":false,"display_tags":false,"display_social_buttons":true,"product_description_position":"top","show_payment_button":true,"width":"half","padding_top":0,"padding_bottom":0,"padding_left":0,"padding_right":0,"animation":"none"}},"488529bf-e21d-46cf-a82f-2b9354703880":{"type":"image_with_overlay","settings":{"image":"shopify:\/\/shop_images\/airotec_heading_narrow-white_f29a2b8f-4d75-4297-8c17-3b248fc14cf8.jpg","pretext":"","title":"","subtitle":"","pretext_color":"#000000","heading_color":"#000000","subheading_color":"#000000","text_alignment":"center","text_horizontal_position":"center","text_vertical_position":"middle","background_color":"#FFFFFF","background_opacity":77,"border_color":"#FFFFFF","border_width":0,"text_width":40,"button_1":"","button_1_style":"button--secondary","button_2":"","button_2_style":"button--secondary","mobile_image_crop":"none","mobile_text_below_image":true,"pretext_color_mobile":"rgba(0,0,0,0)","heading_color_mobile":"rgba(0,0,0,0)","subheading_color_mobile":"rgba(0,0,0,0)","width":"wide","padding_top":0,"padding_bottom":0,"padding_left":0,"padding_right":0,"animation":"none"}},"503607e4-8dc7-4bed-8e1a-09cd3deff181":{"type":"video_autoplay","settings":{"video_ap":"https:\/\/cdn.shopify.com\/s\/files\/1\/0864\/3042\/files\/AIROTEC_PANTS.mp4?v=1607105142"}},"c5c4c6af-3ed3-4e2b-9b42-15d5042cba5b":{"type":"image_with_text","settings":{"image_position":"left","image":"shopify:\/\/shop_images\/SYMBOLS_1c3232a0-ef09-4551-9b5a-da0b6053c6da.jpg","image_crop":"none","title":"AIROTEC+® TECHNOLOGY","heading_size":"regular","text":"<p>Airotec+® is the next generation performance finish available in our all natural cotton products. Airotec+® fabric surface has excellent water and oil repellency, while the fabric backside has advance moisture management that is breathable and wicks moisture away to keep skin dry, cool and comfortable.<\/p>","button_label":"","button_style":"button--primary","alignment":"left","vertical_position":"center","background":"rgba(0,0,0,0)","text_color":"rgba(0,0,0,0)","width":"standard","show_gutter":true,"padding_top":8,"padding_bottom":0,"animation":"none"}},"5088e505-6b20-43a3-8682-614dda8db148":{"type":"image_with_text","settings":{"image_position":"right","image":"shopify:\/\/shop_images\/SUSTAINABILITY_WORLD-revised_copy_61b203b9-7b2f-4f4b-be14-d411c634393b.jpg","image_crop":"none","title":"SUSTAINABILITY","heading_size":"regular","text":"<p>Airotec® treated garments means less laundry which is better for our environment. Airotec® is PFOA-free, eco friendly and Bluesign® approved for sustainability manufacturing and consumer products.<\/p><p><br\/><\/p>","button_label":"","button_style":"button--primary","alignment":"left","vertical_position":"center","background":"rgba(0,0,0,0)","text_color":"rgba(0,0,0,0)","width":"standard","show_gutter":true,"padding_top":1,"padding_bottom":9,"animation":"none"}},"c506acd9-c2d2-4bcb-917a-0479e4a35eff":{"type":"image_with_overlay","settings":{"image":"shopify:\/\/shop_images\/botom_383f1bb1-6448-4acb-9b29-c298dcab1b47.jpg","pretext":"","title":"","subtitle":"","pretext_color":"#000000","heading_color":"#000000","subheading_color":"#000000","text_alignment":"center","text_horizontal_position":"center","text_vertical_position":"middle","background_color":"#FFFFFF","background_opacity":100,"border_color":"#FFFFFF","border_width":0,"text_width":40,"button_1":"","button_1_style":"button--secondary","button_2":"","button_2_style":"button--secondary","mobile_image_crop":"none","mobile_text_below_image":true,"pretext_color_mobile":"rgba(0,0,0,0)","heading_color_mobile":"rgba(0,0,0,0)","subheading_color_mobile":"rgba(0,0,0,0)","width":"wide","padding_top":0,"padding_bottom":0,"padding_left":0,"padding_right":0,"animation":"none"}},"product_airotec_bottoms-2":{"type":"recommended_products","settings":{"width":"wide","padding_top":20,"padding_bottom":20,"animation":"none"}}},"block_order":["product_airotec_bottoms-1","product_airotec_bottoms-0","488529bf-e21d-46cf-a82f-2b9354703880","503607e4-8dc7-4bed-8e1a-09cd3deff181","c5c4c6af-3ed3-4e2b-9b42-15d5042cba5b","5088e505-6b20-43a3-8682-614dda8db148","c506acd9-c2d2-4bcb-917a-0479e4a35eff","product_airotec_bottoms-2"],"settings":{"product_breadcrumb":false,"padding_top":20,"padding_bottom":0,"css_class":"","custom_css":""}}},"content_for_index":["1601149633076","16052921945a9aa22f","16053890072c60bc01","1605403708298f8eff","16054012856a7f228f","16048708985321e56c","160609481410c61656","16029610362f64ccde","1601066175942","1602865764066bdbc9","1557099168881","1601148047344","16039418091ad46774","1602369613514","1602370766042","1601145751478","1596830901344","1596831710076","1598288597291","1606937112f632c951","16045876138f06038e","1598288741780","1557099160579","1598288018227"]}}